strategy_name,strategy_label,type,run_tag,run_key,rebalance_freq,rebalance_label,final_value,annual_return,annual_vol,sharpe_annualized,max_drawdown,turnover
Buy and hold (fixed shares),Buy and hold (fixed shares),baseline,,baseline_buy_and_hold_1,1,reb=1,5.049288556044275,0.3842240191009789,0.3130700551469256,1.2272780893102675,-0.3471179958366627,0.0
Buy and hold (fixed shares),Buy and hold (fixed shares),baseline,,baseline_buy_and_hold_5,5,reb=5,5.049288556044275,0.3842240191009789,0.3130702195246257,1.2272774449271957,-0.3471179958366627,0.0
"Equal weight (rebalanced, all assets)","Equal weight (rebalanced, all assets)",baseline,,baseline_equal_weight_1,1,reb=1,2.0221621477103713,0.1518790337272664,0.19809220822980284,0.7667087720637379,-0.3464553449053246,0.0114616105832656
"Equal weight (rebalanced, all assets)","Equal weight (rebalanced, all assets)",baseline,,baseline_equal_weight_5,5,reb=5,2.0221621477103713,0.1518790337272664,0.19809235477723736,0.7667082048575795,-0.3464553449053246,0.0056770380486862
mlp_tuned_all (Top K long-only (equal weight within Top K)),Top K long-only (equal weight within Top K),model,mlp_tuned_all,d7b09cd9d2de,5,reb=5,2.099649078618426,0.161801527391667,0.21573220689895703,0.798272258944222,-0.33046400953286503,0.13805732484076402
xgb_node2vec_corr_tuned_all (Top K long-only (equal weight within Top K)),Top K long-only (equal weight within Top K),model,xgb_node2vec_corr_tuned_all,64952c498bf0,5,reb=5,2.011157102306581,0.15194962775870702,0.198616588934712,0.8058302190730461,-0.32841801947119004,0.136146496815286
xgb_raw_tuned_all (Top K long-only (equal weight within Top K)),Top K long-only (equal weight within Top K),model,xgb_raw_tuned_all,725b09e91479,5,reb=5,1.872559557908624,0.13491434348428902,0.196652417868124,0.738978064491419,-0.31168445919945903,0.140207006369426
