{
  "run_id": "m-xgb-node2vec__f-xgboost__e-node2vec-correlation__cw-60__lb-60__sp-5f466004c922__sd-42__tg-fixed-medium",
  "run_tag": "xgb_node2vec_corr_rolling_cv_y2024",
  "primary_rebalance_freq": 5,
  "stats_by_rebalance_freq": {
    "1": {
      "final_value": 1.2610367052812717,
      "cumulative_return": 0.2716600081975489,
      "annualized_return": 0.2741072345540603,
      "annualized_volatility": 0.1047244476849474,
      "max_drawdown": -0.04826103858400532,
      "sharpe": 0.14398494146595414,
      "sortino": 0.20134173032869018,
      "sharpe_annualized": 2.285693550673755,
      "sortino_annualized": 3.196200881934872,
      "avg_turnover": 0.5635999999999999
    },
    "5": {
      "final_value": 1.2395702528749692,
      "cumulative_return": 0.2500127167835515,
      "annualized_return": 0.25224626984236,
      "annualized_volatility": 0.10866616336696118,
      "max_drawdown": -0.052187159991367804,
      "sharpe": 0.1289607319921409,
      "sortino": 0.17663535587392584,
      "sharpe_annualized": 2.047191145101298,
      "sortino_annualized": 2.803999346302799,
      "avg_turnover": 0.1356
    },
    "21": {
      "final_value": 1.2391692740431928,
      "cumulative_return": 0.2496083600012562,
      "annualized_return": 0.2518379504395716,
      "annualized_volatility": 0.11057647177894915,
      "max_drawdown": -0.06611323721636009,
      "sharpe": 0.12666383221738578,
      "sortino": 0.18802276390017833,
      "sharpe_annualized": 2.010728887547129,
      "sortino_annualized": 2.984768844593309,
      "avg_turnover": 0.036800000000000006
    }
  }
}