{"final_value":1.9075730534,"cumulative_return":0.9075730534,"annualized_return":0.9224739788,"annualized_volatility":0.3299374323,"max_drawdown":-0.1888950401,"sharpe":0.1352681362,"sortino":0.2100241227,"sharpe_annualized":2.1473161247,"sortino_annualized":3.3340295872}