{"final_value":1.2595002262,"cumulative_return":0.2595002262,"annualized_return":0.2630061279,"annualized_volatility":0.1105691151,"max_drawdown":-0.0594108072,"sharpe":0.1365593532,"sortino":0.1946609618,"sharpe_annualized":2.1678156388,"sortino_annualized":3.0901469701}