{"final_value":1.2575086732,"cumulative_return":0.2575086732,"annualized_return":0.260984989,"annualized_volatility":0.1109763239,"max_drawdown":-0.0599231299,"sharpe":0.1351743405,"sortino":0.1917471285,"sharpe_annualized":2.1458292007,"sortino_annualized":3.0438912994}