{"final_value":1.2563027739,"cumulative_return":0.2563027739,"annualized_return":0.2597611941,"annualized_volatility":0.1110168333,"max_drawdown":-0.0603812962,"sharpe":0.1345759991,"sortino":0.1913104555,"sharpe_annualized":2.1363308112,"sortino_annualized":3.0369593315}