{
  "run_tag": "xgb_raw_rolling_cv_y2024",
  "model_type": "xgb_raw",
  "protocol_version": "v1_rolling_cv_subset",
  "target_policy_hash": "7ca238b83d6a",
  "stats": {
    "final_value": 1.2417118702823406,
    "cumulative_return": 0.2505927107136905,
    "annualized_return": 0.2528319494487783,
    "annualized_volatility": 0.10723106206784311,
    "max_drawdown": -0.05588672251745186,
    "sharpe": 0.13161770578704346,
    "sortino": 0.18244257024260987,
    "sharpe_annualized": 2.089369398974359,
    "sortino_annualized": 2.8961860164802724,
    "avg_turnover": 0.1496
  },
  "buy_and_hold_stats": {
    "final_value": 1.9075730534,
    "cumulative_return": 0.9075730534,
    "annualized_return": 0.9224739788,
    "annualized_volatility": 0.3299374323,
    "max_drawdown": -0.1888950401,
    "sharpe": 0.1352681362,
    "sortino": 0.2100241227,
    "sharpe_annualized": 2.1473161247,
    "sortino_annualized": 3.3340295872
  },
  "equal_weight_stats": {
    "final_value": 1.2563027739000001,
    "cumulative_return": 0.2563027739,
    "annualized_return": 0.25976119410000004,
    "annualized_volatility": 0.1110168333,
    "max_drawdown": -0.060381296200000004,
    "sharpe": 0.1345759991,
    "sortino": 0.1913104555,
    "sharpe_annualized": 2.1363308112,
    "sortino_annualized": 3.0369593315
  },
  "ic_mean": -0.0025608438768749925,
  "ic_tstat": -0.18122428704530297,
  "volatility": 0.10701638505158372,
  "max_drawdown": -0.05588672251745186,
  "stats_by_rebalance_freq": {
    "1": {
      "stats": {
        "final_value": 1.2029805190583691,
        "cumulative_return": 0.21158434921209923,
        "annualized_return": 0.21344608237067741,
        "annualized_volatility": 0.104762032409533,
        "max_drawdown": -0.053026129306036895,
        "sharpe": 0.11534381332241912,
        "sortino": 0.1556235115225209,
        "sharpe_annualized": 1.8310290464654986,
        "sortino_annualized": 2.4704466578591107,
        "avg_turnover": 0.5868
      },
      "buy_and_hold_stats": {
        "final_value": 1.9075730534,
        "cumulative_return": 0.9075730534,
        "annualized_return": 0.9224739788,
        "annualized_volatility": 0.3299374323,
        "max_drawdown": -0.1888950401,
        "sharpe": 0.1352681362,
        "sortino": 0.2100241227,
        "sharpe_annualized": 2.1473161247,
        "sortino_annualized": 3.3340295872
      },
      "equal_weight_stats": {
        "final_value": 1.2575086732,
        "cumulative_return": 0.2575086732,
        "annualized_return": 0.260984989,
        "annualized_volatility": 0.1109763239,
        "max_drawdown": -0.059923129900000004,
        "sharpe": 0.13517434050000002,
        "sortino": 0.1917471285,
        "sharpe_annualized": 2.1458292007,
        "sortino_annualized": 3.0438912994
      },
      "ic_mean": -0.0025608438768749925,
      "ic_tstat": -0.18122428704530297,
      "volatility": 0.10455229840055041,
      "max_drawdown": -0.053026129306036895,
      "daily_metrics_path": "results/runs/m-xgb-raw__f-xgboost__e-none__cw-na__lb-60__sp-5f466004c922__sd-42__tg-fixed-medium/xgb_raw_daily_metrics_reb1.csv"
    },
    "5": {
      "stats": {
        "final_value": 1.2417118702823406,
        "cumulative_return": 0.2505927107136905,
        "annualized_return": 0.2528319494487783,
        "annualized_volatility": 0.10723106206784311,
        "max_drawdown": -0.05588672251745186,
        "sharpe": 0.13161770578704346,
        "sortino": 0.18244257024260987,
        "sharpe_annualized": 2.089369398974359,
        "sortino_annualized": 2.8961860164802724,
        "avg_turnover": 0.1496
      },
      "buy_and_hold_stats": {
        "final_value": 1.9075730534,
        "cumulative_return": 0.9075730534,
        "annualized_return": 0.9224739788,
        "annualized_volatility": 0.3299374323,
        "max_drawdown": -0.1888950401,
        "sharpe": 0.1352681362,
        "sortino": 0.2100241227,
        "sharpe_annualized": 2.1473161247,
        "sortino_annualized": 3.3340295872
      },
      "equal_weight_stats": {
        "final_value": 1.2563027739000001,
        "cumulative_return": 0.2563027739,
        "annualized_return": 0.25976119410000004,
        "annualized_volatility": 0.1110168333,
        "max_drawdown": -0.060381296200000004,
        "sharpe": 0.1345759991,
        "sortino": 0.1913104555,
        "sharpe_annualized": 2.1363308112,
        "sortino_annualized": 3.0369593315
      },
      "ic_mean": -0.0025608438768749925,
      "ic_tstat": -0.18122428704530297,
      "volatility": 0.10701638505158372,
      "max_drawdown": -0.05588672251745186,
      "daily_metrics_path": "results/runs/m-xgb-raw__f-xgboost__e-none__cw-na__lb-60__sp-5f466004c922__sd-42__tg-fixed-medium/xgb_raw_daily_metrics_reb5.csv"
    },
    "21": {
      "stats": {
        "final_value": 1.207350771214193,
        "cumulative_return": 0.21598585782360313,
        "annualized_return": 0.21788968505585427,
        "annualized_volatility": 0.11108162702641436,
        "max_drawdown": -0.0739067491476545,
        "sharpe": 0.11123728225996796,
        "sortino": 0.16668010664810703,
        "sharpe_annualized": 1.7658396358026307,
        "sortino_annualized": 2.6459646641556898,
        "avg_turnover": 0.036
      },
      "buy_and_hold_stats": {
        "final_value": 1.9075730534,
        "cumulative_return": 0.9075730534,
        "annualized_return": 0.9224739788,
        "annualized_volatility": 0.3299374323,
        "max_drawdown": -0.1888950401,
        "sharpe": 0.1352681362,
        "sortino": 0.2100241227,
        "sharpe_annualized": 2.1473161247,
        "sortino_annualized": 3.3340295872
      },
      "equal_weight_stats": {
        "final_value": 1.2595002262,
        "cumulative_return": 0.2595002262,
        "annualized_return": 0.2630061279,
        "annualized_volatility": 0.1105691151,
        "max_drawdown": -0.0594108072,
        "sharpe": 0.1365593532,
        "sortino": 0.1946609618,
        "sharpe_annualized": 2.1678156388,
        "sortino_annualized": 3.0901469701
      },
      "ic_mean": -0.0025608438768749925,
      "ic_tstat": -0.18122428704530297,
      "volatility": 0.11085924116366705,
      "max_drawdown": -0.0739067491476545,
      "daily_metrics_path": "results/runs/m-xgb-raw__f-xgboost__e-none__cw-na__lb-60__sp-5f466004c922__sd-42__tg-fixed-medium/xgb_raw_daily_metrics_reb21.csv"
    }
  },
  "prediction_rows": 8000,
  "prediction_unique_pairs": 8000,
  "baseline_context": {
    "global_buy_and_hold": {
      "start_date": "2000-03-29",
      "end_date": "2024-12-30",
      "final_value": 51.17842005745584
    },
    "test_window_buy_and_hold": {
      "start_date": "2024-01-02",
      "end_date": "2024-12-27",
      "final_value": 1.9075730534,
      "rebased": true
    }
  }
}