{"final_value":0.7049108139,"cumulative_return":-0.2950891861,"annualized_return":-0.2980527705,"annualized_volatility":0.3340590672,"max_drawdown":-0.3434520579,"sharpe":-0.0562067886,"sortino":-0.0933880142,"sharpe_annualized":-0.8922555311,"sortino_annualized":-1.4824887656}