{"final_value":0.8922657057,"cumulative_return":-0.1077342943,"annualized_return":-0.1089588813,"annualized_volatility":0.2250683946,"max_drawdown":-0.2194262751,"sharpe":-0.0252181317,"sortino":-0.0398198847,"sharpe_annualized":-0.4003257127,"sortino_annualized":-0.632121073}