{"final_value":0.8891904291,"cumulative_return":-0.1108095709,"annualized_return":-0.1120668734,"annualized_volatility":0.2254709614,"max_drawdown":-0.2213830469,"sharpe":-0.0261236994,"sortino":-0.0412213609,"sharpe_annualized":-0.414701164,"sortino_annualized":-0.6543688182}