{"final_value":0.8921339957,"cumulative_return":-0.1078660043,"annualized_return":-0.1090919952,"annualized_volatility":0.224051152,"max_drawdown":-0.2201486444,"sharpe":-0.0254384488,"sortino":-0.0400407605,"sharpe_annualized":-0.403823142,"sortino_annualized":-0.6356273678}