{
  "run_tag": "xgb_node2vec_corr_rolling_cv_y2023",
  "model_type": "xgb_node2vec",
  "protocol_version": "v1_rolling_cv_subset",
  "target_policy_hash": "13a0f67e443c",
  "stats": {
    "final_value": 1.2040649529210246,
    "cumulative_return": 0.1953948294001322,
    "annualized_return": 0.197968076066122,
    "annualized_volatility": 0.11749558699069904,
    "max_drawdown": -0.10621543937195999,
    "sharpe": 0.1044825981485002,
    "sortino": 0.17501401879454248,
    "sharpe_annualized": 1.6586120671114128,
    "sortino_annualized": 2.778261418082062,
    "avg_turnover": 0.1353413654618474
  },
  "buy_and_hold_stats": {
    "final_value": 1.7291630660574766,
    "cumulative_return": 0.7291630660574766,
    "annualized_return": 0.7445041800025896,
    "annualized_volatility": 0.21841638205521255,
    "max_drawdown": -0.1166132503705346,
    "sharpe": 0.16745750506430881,
    "sortino": 0.3364767568948643,
    "sharpe_annualized": 2.6583074134860616,
    "sortino_annualized": 5.341402924184092
  },
  "equal_weight_stats": {
    "final_value": 1.1700325025436646,
    "cumulative_return": 0.17003250254366464,
    "annualized_return": 0.17299967776641645,
    "annualized_volatility": 0.12670324322740384,
    "max_drawdown": -0.10996560452927939,
    "sharpe": 0.08333104267066399,
    "sortino": 0.13175142638524434,
    "sharpe_annualized": 1.3228409497603102,
    "sortino_annualized": 2.091489054560341
  },
  "ic_mean": 0.013562496130416367,
  "ic_tstat": 0.9514736865309152,
  "volatility": 0.1172594147177548,
  "max_drawdown": -0.10621543937195999,
  "stats_by_rebalance_freq": {
    "1": {
      "stats": {
        "final_value": 1.2134255806700438,
        "cumulative_return": 0.20468805397574275,
        "annualized_return": 0.20739395342076938,
        "annualized_volatility": 0.1229767381046324,
        "max_drawdown": -0.09751348578150609,
        "sharpe": 0.10418312241561183,
        "sortino": 0.16211721467550555,
        "sharpe_annualized": 1.6538579312186823,
        "sortino_annualized": 2.5735309996431512,
        "avg_turnover": 0.5991967871485944
      },
      "buy_and_hold_stats": {
        "final_value": 1.7291630660574766,
        "cumulative_return": 0.7291630660574766,
        "annualized_return": 0.7445041800025896,
        "annualized_volatility": 0.21841638205521255,
        "max_drawdown": -0.1166132503705346,
        "sharpe": 0.16745750506430881,
        "sortino": 0.3364767568948643,
        "sharpe_annualized": 2.6583074134860616,
        "sortino_annualized": 5.341402924184092
      },
      "equal_weight_stats": {
        "final_value": 1.1694392633536408,
        "cumulative_return": 0.1694392633536408,
        "annualized_return": 0.1723953439678958,
        "annualized_volatility": 0.1266401835144208,
        "max_drawdown": -0.11015617667288502,
        "sharpe": 0.08311209740891845,
        "sortino": 0.1316274003288842,
        "sharpe_annualized": 1.3193652979489305,
        "sortino_annualized": 2.0895202019530146
      },
      "ic_mean": 0.013562496130416367,
      "ic_tstat": 0.9514736865309152,
      "volatility": 0.12272954843137483,
      "max_drawdown": -0.09751348578150609,
      "daily_metrics_path": "results/runs/m-xgb-node2vec__f-xgboost__e-node2vec-correlation__cw-60__lb-60__sp-2108dc994532__sd-42__tg-fixed-medium/xgb_node2vec_daily_metrics_reb1.csv"
    },
    "5": {
      "stats": {
        "final_value": 1.2040649529210246,
        "cumulative_return": 0.1953948294001322,
        "annualized_return": 0.197968076066122,
        "annualized_volatility": 0.11749558699069904,
        "max_drawdown": -0.10621543937195999,
        "sharpe": 0.1044825981485002,
        "sortino": 0.17501401879454248,
        "sharpe_annualized": 1.6586120671114128,
        "sortino_annualized": 2.778261418082062,
        "avg_turnover": 0.1353413654618474
      },
      "buy_and_hold_stats": {
        "final_value": 1.7291630660574766,
        "cumulative_return": 0.7291630660574766,
        "annualized_return": 0.7445041800025896,
        "annualized_volatility": 0.21841638205521255,
        "max_drawdown": -0.1166132503705346,
        "sharpe": 0.16745750506430881,
        "sortino": 0.3364767568948643,
        "sharpe_annualized": 2.6583074134860616,
        "sortino_annualized": 5.341402924184092
      },
      "equal_weight_stats": {
        "final_value": 1.1700325025436646,
        "cumulative_return": 0.17003250254366464,
        "annualized_return": 0.17299967776641645,
        "annualized_volatility": 0.12670324322740384,
        "max_drawdown": -0.10996560452927939,
        "sharpe": 0.08333104267066399,
        "sortino": 0.13175142638524434,
        "sharpe_annualized": 1.3228409497603102,
        "sortino_annualized": 2.091489054560341
      },
      "ic_mean": 0.013562496130416367,
      "ic_tstat": 0.9514736865309152,
      "volatility": 0.1172594147177548,
      "max_drawdown": -0.10621543937195999,
      "daily_metrics_path": "results/runs/m-xgb-node2vec__f-xgboost__e-node2vec-correlation__cw-60__lb-60__sp-2108dc994532__sd-42__tg-fixed-medium/xgb_node2vec_daily_metrics_reb5.csv"
    },
    "21": {
      "stats": {
        "final_value": 1.1556853248759311,
        "cumulative_return": 0.14736356906562453,
        "annualized_return": 0.14926543701989292,
        "annualized_volatility": 0.12362352167122415,
        "max_drawdown": -0.12568778102205436,
        "sharpe": 0.07851870007517618,
        "sortino": 0.12186359746503625,
        "sharpe_annualized": 1.2464473225640145,
        "sortino_annualized": 1.934524636585003,
        "avg_turnover": 0.03413654618473896
      },
      "buy_and_hold_stats": {
        "final_value": 1.7291630660574766,
        "cumulative_return": 0.7291630660574766,
        "annualized_return": 0.7445041800025896,
        "annualized_volatility": 0.21841638205521255,
        "max_drawdown": -0.1166132503705346,
        "sharpe": 0.16745750506430881,
        "sortino": 0.3364767568948643,
        "sharpe_annualized": 2.6583074134860616,
        "sortino_annualized": 5.341402924184092
      },
      "equal_weight_stats": {
        "final_value": 1.1700283517503154,
        "cumulative_return": 0.1700283517503154,
        "annualized_return": 0.17299544932881372,
        "annualized_volatility": 0.1268596621728557,
        "max_drawdown": -0.11073244519132786,
        "sharpe": 0.08323637652363908,
        "sortino": 0.13182736543144127,
        "sharpe_annualized": 1.3213381673406388,
        "sortino_annualized": 2.09269454954656
      },
      "ic_mean": 0.013562496130416367,
      "ic_tstat": 0.9514736865309152,
      "volatility": 0.12337503192918156,
      "max_drawdown": -0.12568778102205436,
      "daily_metrics_path": "results/runs/m-xgb-node2vec__f-xgboost__e-node2vec-correlation__cw-60__lb-60__sp-2108dc994532__sd-42__tg-fixed-medium/xgb_node2vec_daily_metrics_reb21.csv"
    }
  },
  "prediction_rows": 7968,
  "prediction_unique_pairs": 7968,
  "baseline_context": {
    "global_buy_and_hold": {
      "start_date": "2000-03-29",
      "end_date": "2023-12-29",
      "final_value": 27.378815227073616
    },
    "test_window_buy_and_hold": {
      "start_date": "2023-01-03",
      "end_date": "2023-12-28",
      "final_value": 1.7291630660574766,
      "rebased": true
    }
  }
}