{
  "run_tag": "gat_corr_sector_granger_tuned_all",
  "model_type": "gat",
  "protocol_version": "v1_thesis_core",
  "target_policy_hash": "92b426b26106",
  "stats": {
    "final_value": 1.4379277217339108,
    "cumulative_return": 0.4481540233047816,
    "annualized_return": 0.07712320153236285,
    "annualized_volatility": 0.2074582567231525,
    "max_drawdown": -0.32119661841893843,
    "sharpe": 0.028664746994872568,
    "sortino": 0.03556666176105198,
    "sharpe_annualized": 0.4550387516581133,
    "sortino_annualized": 0.5646032519069647,
    "avg_turnover": 0.5822452229299364
  },
  "buy_and_hold_stats": {
    "final_value": 5.049288556044275,
    "cumulative_return": 4.049288556044275,
    "annualized_return": 0.3842240191009789,
    "annualized_volatility": 0.3023422915663287,
    "max_drawdown": -0.3471179958366627,
    "sharpe": 0.07731121211800307,
    "sortino": 0.10941253737924157,
    "sharpe_annualized": 1.2272774449271957,
    "sortino_annualized": 1.7368701853081916
  },
  "equal_weight_stats": {
    "final_value": 2.0221621477103713,
    "cumulative_return": 1.0221621477103713,
    "annualized_return": 0.1518790337272664,
    "annualized_volatility": 0.21458010018431448,
    "max_drawdown": -0.3464553449053246,
    "sharpe": 0.048298077100140946,
    "sortino": 0.05875875777239032,
    "sharpe_annualized": 0.7667082048575795,
    "sortino_annualized": 0.9327663624769704
  },
  "ic_mean": -0.0076977599985678154,
  "ic_tstat": -1.061550543822742,
  "volatility": 0.20737565339249459,
  "max_drawdown": -0.32119661841893843,
  "stats_by_rebalance_freq": {
    "1": {
      "stats": {
        "final_value": 1.4379277217339108,
        "cumulative_return": 0.4481540233047816,
        "annualized_return": 0.07712320153236285,
        "annualized_volatility": 0.2074582567231525,
        "max_drawdown": -0.32119661841893843,
        "sharpe": 0.028664746994872568,
        "sortino": 0.03556666176105198,
        "sharpe_annualized": 0.4550387516581133,
        "sortino_annualized": 0.5646032519069647,
        "avg_turnover": 0.5822452229299364
      },
      "buy_and_hold_stats": {
        "final_value": 5.049288556044275,
        "cumulative_return": 4.049288556044275,
        "annualized_return": 0.3842240191009789,
        "annualized_volatility": 0.3023422915663287,
        "max_drawdown": -0.3471179958366627,
        "sharpe": 0.07731121211800307,
        "sortino": 0.10941253737924157,
        "sharpe_annualized": 1.2272774449271957,
        "sortino_annualized": 1.7368701853081916
      },
      "equal_weight_stats": {
        "final_value": 2.0221621477103713,
        "cumulative_return": 1.0221621477103713,
        "annualized_return": 0.1518790337272664,
        "annualized_volatility": 0.21458010018431448,
        "max_drawdown": -0.3464553449053246,
        "sharpe": 0.048298077100140946,
        "sortino": 0.05875875777239032,
        "sharpe_annualized": 0.7667082048575795,
        "sortino_annualized": 0.9327663624769704
      },
      "ic_mean": -0.0076977599985678154,
      "ic_tstat": -1.061550543822742,
      "volatility": 0.20737565339249459,
      "max_drawdown": -0.32119661841893843,
      "daily_metrics_path": "experiments_tuned_all/gat_corr_sector_granger/gat_daily_metrics_reb1.csv"
    },
    "5": {
      "stats": {
        "final_value": 1.8530767382806195,
        "cumulative_return": 0.8662555102544793,
        "annualized_return": 0.13335721489138486,
        "annualized_volatility": 0.20645301570933372,
        "max_drawdown": -0.3089352194024877,
        "sharpe": 0.04428226461297188,
        "sortino": 0.054378059932888176,
        "sharpe_annualized": 0.7029591579400769,
        "sortino_annualized": 0.8632249401635267,
        "avg_turnover": 0.14689490445859874
      },
      "buy_and_hold_stats": {
        "final_value": 5.049288556044275,
        "cumulative_return": 4.049288556044275,
        "annualized_return": 0.3842240191009789,
        "annualized_volatility": 0.3023422915663287,
        "max_drawdown": -0.3471179958366627,
        "sharpe": 0.07731121211800307,
        "sortino": 0.10941253737924157,
        "sharpe_annualized": 1.2272774449271957,
        "sortino_annualized": 1.7368701853081916
      },
      "equal_weight_stats": {
        "final_value": 2.0221621477103713,
        "cumulative_return": 1.0221621477103713,
        "annualized_return": 0.1518790337272664,
        "annualized_volatility": 0.21458010018431448,
        "max_drawdown": -0.3464553449053246,
        "sharpe": 0.048298077100140946,
        "sortino": 0.05875875777239032,
        "sharpe_annualized": 0.7667082048575795,
        "sortino_annualized": 0.9327663624769704
      },
      "ic_mean": -0.0076977599985678154,
      "ic_tstat": -1.061550543822742,
      "volatility": 0.20637081263392318,
      "max_drawdown": -0.3089352194024877,
      "daily_metrics_path": "experiments_tuned_all/gat_corr_sector_granger/gat_daily_metrics_reb5.csv"
    }
  },
  "prediction_rows": 40192,
  "prediction_unique_pairs": 40192,
  "baseline_context": {
    "global_buy_and_hold": {
      "start_date": "2000-03-29",
      "end_date": "2024-12-30",
      "final_value": 51.17842005745584
    },
    "test_window_buy_and_hold": {
      "start_date": "2020-01-02",
      "end_date": "2024-12-27",
      "final_value": 5.049288556044275,
      "rebased": true
    }
  },
  "graph_directed": true,
  "graph_make_undirected": false
}