{
  "run_tag": "xgb_node2vec_corr_rolling_cv_y2021",
  "model_type": "xgb_node2vec",
  "protocol_version": "v1_rolling_cv_subset",
  "target_policy_hash": "3b53bcae1702",
  "stats": {
    "final_value": 1.2905661753161728,
    "cumulative_return": 0.28119594988557495,
    "annualized_return": 0.2824614056657293,
    "annualized_volatility": 0.11511878843588393,
    "max_drawdown": -0.0559188448327238,
    "sharpe": 0.1438232071607646,
    "sortino": 0.20739783741351953,
    "sharpe_annualized": 2.2831257817947668,
    "sortino_annualized": 3.2923386014926805,
    "avg_turnover": 0.1370517928286853
  },
  "buy_and_hold_stats": {
    "final_value": 1.501186039472033,
    "cumulative_return": 0.5011860394720331,
    "annualized_return": 0.5060728969654211,
    "annualized_volatility": 0.20151559058329307,
    "max_drawdown": -0.1027558099962117,
    "sharpe": 0.13442817938192791,
    "sortino": 0.2075188022763407,
    "sharpe_annualized": 2.1339828721186667,
    "sortino_annualized": 3.294258859159092
  },
  "equal_weight_stats": {
    "final_value": 1.3614490430698138,
    "cumulative_return": 0.36144904306981385,
    "annualized_return": 0.3648137906473916,
    "annualized_volatility": 0.12521314206154366,
    "max_drawdown": -0.044296439865324944,
    "sharpe": 0.1605003762659972,
    "sortino": 0.2265935877178764,
    "sharpe_annualized": 2.5478677157724214,
    "sortino_annualized": 3.597061690700405
  },
  "ic_mean": 0.001312740022525847,
  "ic_tstat": 0.07811567060195726,
  "volatility": 0.11488923927739642,
  "max_drawdown": -0.0559188448327238,
  "stats_by_rebalance_freq": {
    "1": {
      "stats": {
        "final_value": 1.3176181173551218,
        "cumulative_return": 0.3080514798380394,
        "annualized_return": 0.3094516802226128,
        "annualized_volatility": 0.11720795000719907,
        "max_drawdown": -0.06229499663476423,
        "sharpe": 0.1525961591675308,
        "sortino": 0.21115924265370836,
        "sharpe_annualized": 2.422392209940769,
        "sortino_annualized": 3.3520490585667297,
        "avg_turnover": 0.5836653386454184
      },
      "buy_and_hold_stats": {
        "final_value": 1.501186039472033,
        "cumulative_return": 0.5011860394720331,
        "annualized_return": 0.5060728969654211,
        "annualized_volatility": 0.20151559058329307,
        "max_drawdown": -0.1027558099962117,
        "sharpe": 0.13442817938192791,
        "sortino": 0.2075188022763407,
        "sharpe_annualized": 2.1339828721186667,
        "sortino_annualized": 3.294258859159092
      },
      "equal_weight_stats": {
        "final_value": 1.3608279338922102,
        "cumulative_return": 0.36082793389221024,
        "annualized_return": 0.3641861664238639,
        "annualized_volatility": 0.12530084677938227,
        "max_drawdown": -0.04406413936909559,
        "sharpe": 0.16016191996678183,
        "sortino": 0.22661360974183953,
        "sharpe_annualized": 2.5424948795202282,
        "sortino_annualized": 3.5973795304773084
      },
      "ic_mean": 0.001312740022525847,
      "ic_tstat": 0.07811567060195726,
      "volatility": 0.11697423501890084,
      "max_drawdown": -0.06229499663476423,
      "daily_metrics_path": "results/runs/m-xgb-node2vec__f-xgboost__e-node2vec-correlation__cw-60__lb-60__sp-3170f4531422__sd-42__tg-fixed-medium/xgb_node2vec_daily_metrics_reb1.csv"
    },
    "5": {
      "stats": {
        "final_value": 1.2905661753161728,
        "cumulative_return": 0.28119594988557495,
        "annualized_return": 0.2824614056657293,
        "annualized_volatility": 0.11511878843588393,
        "max_drawdown": -0.0559188448327238,
        "sharpe": 0.1438232071607646,
        "sortino": 0.20739783741351953,
        "sharpe_annualized": 2.2831257817947668,
        "sortino_annualized": 3.2923386014926805,
        "avg_turnover": 0.1370517928286853
      },
      "buy_and_hold_stats": {
        "final_value": 1.501186039472033,
        "cumulative_return": 0.5011860394720331,
        "annualized_return": 0.5060728969654211,
        "annualized_volatility": 0.20151559058329307,
        "max_drawdown": -0.1027558099962117,
        "sharpe": 0.13442817938192791,
        "sortino": 0.2075188022763407,
        "sharpe_annualized": 2.1339828721186667,
        "sortino_annualized": 3.294258859159092
      },
      "equal_weight_stats": {
        "final_value": 1.3614490430698138,
        "cumulative_return": 0.36144904306981385,
        "annualized_return": 0.3648137906473916,
        "annualized_volatility": 0.12521314206154366,
        "max_drawdown": -0.044296439865324944,
        "sharpe": 0.1605003762659972,
        "sortino": 0.2265935877178764,
        "sharpe_annualized": 2.5478677157724214,
        "sortino_annualized": 3.597061690700405
      },
      "ic_mean": 0.001312740022525847,
      "ic_tstat": 0.07811567060195726,
      "volatility": 0.11488923927739642,
      "max_drawdown": -0.0559188448327238,
      "daily_metrics_path": "results/runs/m-xgb-node2vec__f-xgboost__e-node2vec-correlation__cw-60__lb-60__sp-3170f4531422__sd-42__tg-fixed-medium/xgb_node2vec_daily_metrics_reb5.csv"
    },
    "21": {
      "stats": {
        "final_value": 1.2422163976941814,
        "cumulative_return": 0.23319721843580044,
        "annualized_return": 0.2342274918658045,
        "annualized_volatility": 0.11342897153256457,
        "max_drawdown": -0.06810188883444246,
        "sharpe": 0.12455310981964511,
        "sortino": 0.17017124681848697,
        "sharpe_annualized": 1.9772220887549214,
        "sortino_annualized": 2.701384796253048,
        "avg_turnover": 0.03346613545816733
      },
      "buy_and_hold_stats": {
        "final_value": 1.501186039472033,
        "cumulative_return": 0.5011860394720331,
        "annualized_return": 0.5060728969654211,
        "annualized_volatility": 0.20151559058329307,
        "max_drawdown": -0.1027558099962117,
        "sharpe": 0.13442817938192791,
        "sortino": 0.2075188022763407,
        "sharpe_annualized": 2.1339828721186667,
        "sortino_annualized": 3.294258859159092
      },
      "equal_weight_stats": {
        "final_value": 1.3646452286570367,
        "cumulative_return": 0.36464522865703675,
        "annualized_return": 0.3680435384177674,
        "annualized_volatility": 0.12502235877733117,
        "max_drawdown": -0.04500623484566757,
        "sharpe": 0.1619258256947895,
        "sortino": 0.22690676858784742,
        "sharpe_annualized": 2.5704960576040765,
        "sortino_annualized": 3.602033282884362
      },
      "ic_mean": 0.001312740022525847,
      "ic_tstat": 0.07811567060195726,
      "volatility": 0.11320279190266075,
      "max_drawdown": -0.06810188883444246,
      "daily_metrics_path": "results/runs/m-xgb-node2vec__f-xgboost__e-node2vec-correlation__cw-60__lb-60__sp-3170f4531422__sd-42__tg-fixed-medium/xgb_node2vec_daily_metrics_reb21.csv"
    }
  },
  "prediction_rows": 8032,
  "prediction_unique_pairs": 8032,
  "baseline_context": {
    "global_buy_and_hold": {
      "start_date": "2000-03-29",
      "end_date": "2021-12-31",
      "final_value": 22.57056908209604
    },
    "test_window_buy_and_hold": {
      "start_date": "2021-01-04",
      "end_date": "2021-12-30",
      "final_value": 1.501186039472033,
      "rebased": true
    }
  }
}