{
  "run_id": "m-xgb-node2vec__f-xgboost__e-node2vec-correlation__cw-60__lb-60__sp-3170f4531422__sd-42__tg-fixed-medium",
  "run_tag": "xgb_node2vec_corr_rolling_cv_y2021",
  "primary_rebalance_freq": 5,
  "stats_by_rebalance_freq": {
    "1": {
      "final_value": 1.3176181173551218,
      "cumulative_return": 0.3080514798380394,
      "annualized_return": 0.3094516802226128,
      "annualized_volatility": 0.11720795000719907,
      "max_drawdown": -0.06229499663476423,
      "sharpe": 0.1525961591675308,
      "sortino": 0.21115924265370836,
      "sharpe_annualized": 2.422392209940769,
      "sortino_annualized": 3.3520490585667297,
      "avg_turnover": 0.5836653386454184
    },
    "5": {
      "final_value": 1.2905661753161728,
      "cumulative_return": 0.28119594988557495,
      "annualized_return": 0.2824614056657293,
      "annualized_volatility": 0.11511878843588393,
      "max_drawdown": -0.0559188448327238,
      "sharpe": 0.1438232071607646,
      "sortino": 0.20739783741351953,
      "sharpe_annualized": 2.2831257817947668,
      "sortino_annualized": 3.2923386014926805,
      "avg_turnover": 0.1370517928286853
    },
    "21": {
      "final_value": 1.2422163976941814,
      "cumulative_return": 0.23319721843580044,
      "annualized_return": 0.2342274918658045,
      "annualized_volatility": 0.11342897153256457,
      "max_drawdown": -0.06810188883444246,
      "sharpe": 0.12455310981964511,
      "sortino": 0.17017124681848697,
      "sharpe_annualized": 1.9772220887549214,
      "sortino_annualized": 2.701384796253048,
      "avg_turnover": 0.03346613545816733
    }
  }
}