{
  "run_tag": "gat_corr_only",
  "model_type": "gat",
  "protocol_version": "v1_thesis_core",
  "target_policy_hash": "92b426b26106",
  "stats": {
    "final_value": 1.397584998242916,
    "cumulative_return": 0.40624354547953767,
    "annualized_return": 0.07079519695937475,
    "annualized_volatility": 0.2107243679555985,
    "max_drawdown": -0.3534758737463123,
    "sharpe": 0.026751138173238886,
    "sortino": 0.032165623316414566,
    "avg_turnover": 0.5023089171974523
  },
  "buy_and_hold_stats": {
    "final_value": 5.049288556044275,
    "cumulative_return": 4.049288556044275,
    "annualized_return": 0.3842240191009789,
    "annualized_volatility": 0.3023422915663287,
    "max_drawdown": -0.3471179958366627,
    "sharpe": 0.07731121211800307,
    "sortino": 0.10941253737924157
  },
  "equal_weight_stats": {
    "final_value": 2.0221621477103713,
    "cumulative_return": 1.0221621477103713,
    "annualized_return": 0.1518790337272664,
    "annualized_volatility": 0.21458010018431448,
    "max_drawdown": -0.3464553449053246,
    "sharpe": 0.048298077100140946,
    "sortino": 0.05875875777239032
  },
  "ic_mean": -0.004801295890910616,
  "ic_tstat": -0.6343393912253924,
  "volatility": 0.21064046416252297,
  "max_drawdown": -0.3534758737463123,
  "stats_by_rebalance_freq": {
    "1": {
      "stats": {
        "final_value": 1.397584998242916,
        "cumulative_return": 0.40624354547953767,
        "annualized_return": 0.07079519695937475,
        "annualized_volatility": 0.2107243679555985,
        "max_drawdown": -0.3534758737463123,
        "sharpe": 0.026751138173238886,
        "sortino": 0.032165623316414566,
        "avg_turnover": 0.5023089171974523
      },
      "buy_and_hold_stats": {
        "final_value": 5.049288556044275,
        "cumulative_return": 4.049288556044275,
        "annualized_return": 0.3842240191009789,
        "annualized_volatility": 0.3023422915663287,
        "max_drawdown": -0.3471179958366627,
        "sharpe": 0.07731121211800307,
        "sortino": 0.10941253737924157
      },
      "equal_weight_stats": {
        "final_value": 2.0221621477103713,
        "cumulative_return": 1.0221621477103713,
        "annualized_return": 0.1518790337272664,
        "annualized_volatility": 0.21458010018431448,
        "max_drawdown": -0.3464553449053246,
        "sharpe": 0.048298077100140946,
        "sortino": 0.05875875777239032
      },
      "ic_mean": -0.004801295890910616,
      "ic_tstat": -0.6343393912253924,
      "volatility": 0.21064046416252297,
      "max_drawdown": -0.3534758737463123,
      "daily_metrics_path": "experiments/gat_corr_only/gat_daily_metrics_reb1.csv"
    },
    "5": {
      "stats": {
        "final_value": 1.8140393421199024,
        "cumulative_return": 0.8252779754428003,
        "annualized_return": 0.12831991688461208,
        "annualized_volatility": 0.20711931362508054,
        "max_drawdown": -0.3368303348484354,
        "sharpe": 0.04288110807970642,
        "sortino": 0.052650175325801546,
        "avg_turnover": 0.1476114649681529
      },
      "buy_and_hold_stats": {
        "final_value": 5.049288556044275,
        "cumulative_return": 4.049288556044275,
        "annualized_return": 0.3842240191009789,
        "annualized_volatility": 0.3023422915663287,
        "max_drawdown": -0.3471179958366627,
        "sharpe": 0.07731121211800307,
        "sortino": 0.10941253737924157
      },
      "equal_weight_stats": {
        "final_value": 2.0221621477103713,
        "cumulative_return": 1.0221621477103713,
        "annualized_return": 0.1518790337272664,
        "annualized_volatility": 0.21458010018431448,
        "max_drawdown": -0.3464553449053246,
        "sharpe": 0.048298077100140946,
        "sortino": 0.05875875777239032
      },
      "ic_mean": -0.004801295890910616,
      "ic_tstat": -0.6343393912253924,
      "volatility": 0.20703684525086757,
      "max_drawdown": -0.3368303348484354,
      "daily_metrics_path": "experiments/gat_corr_only/gat_daily_metrics_reb5.csv"
    }
  },
  "prediction_rows": 40192,
  "prediction_unique_pairs": 40192,
  "graph_directed": false,
  "graph_make_undirected": true
}