{
  "run_tag": "gat_corr_only_tuned_all",
  "model_type": "gat",
  "protocol_version": "v1_thesis_core",
  "target_policy_hash": "92b426b26106",
  "stats": {
    "final_value": 1.6310729102043744,
    "cumulative_return": 0.6488729368404498,
    "annualized_return": 0.10554334286004119,
    "annualized_volatility": 0.2161045071507816,
    "max_drawdown": -0.35106543353535746,
    "sharpe": 0.0354361237782809,
    "sortino": 0.04311101638649649,
    "sharpe_annualized": 0.5625310256726028,
    "sortino_annualized": 0.6843661687554008,
    "avg_turnover": 0.5145700636942675
  },
  "buy_and_hold_stats": {
    "final_value": 5.049288556044275,
    "cumulative_return": 4.049288556044275,
    "annualized_return": 0.3842240191009789,
    "annualized_volatility": 0.3023422915663287,
    "max_drawdown": -0.3471179958366627,
    "sharpe": 0.07731121211800307,
    "sortino": 0.10941253737924157,
    "sharpe_annualized": 1.2272774449271957,
    "sortino_annualized": 1.7368701853081916
  },
  "equal_weight_stats": {
    "final_value": 2.0221621477103713,
    "cumulative_return": 1.0221621477103713,
    "annualized_return": 0.1518790337272664,
    "annualized_volatility": 0.21458010018431448,
    "max_drawdown": -0.3464553449053246,
    "sharpe": 0.048298077100140946,
    "sortino": 0.05875875777239032,
    "sharpe_annualized": 0.7667082048575795,
    "sortino_annualized": 0.9327663624769704
  },
  "ic_mean": 0.015159966113284459,
  "ic_tstat": 1.8782908852518583,
  "volatility": 0.2160184611560702,
  "max_drawdown": -0.35106543353535746,
  "stats_by_rebalance_freq": {
    "1": {
      "stats": {
        "final_value": 1.6310729102043744,
        "cumulative_return": 0.6488729368404498,
        "annualized_return": 0.10554334286004119,
        "annualized_volatility": 0.2161045071507816,
        "max_drawdown": -0.35106543353535746,
        "sharpe": 0.0354361237782809,
        "sortino": 0.04311101638649649,
        "sharpe_annualized": 0.5625310256726028,
        "sortino_annualized": 0.6843661687554008,
        "avg_turnover": 0.5145700636942675
      },
      "buy_and_hold_stats": {
        "final_value": 5.049288556044275,
        "cumulative_return": 4.049288556044275,
        "annualized_return": 0.3842240191009789,
        "annualized_volatility": 0.3023422915663287,
        "max_drawdown": -0.3471179958366627,
        "sharpe": 0.07731121211800307,
        "sortino": 0.10941253737924157,
        "sharpe_annualized": 1.2272774449271957,
        "sortino_annualized": 1.7368701853081916
      },
      "equal_weight_stats": {
        "final_value": 2.0221621477103713,
        "cumulative_return": 1.0221621477103713,
        "annualized_return": 0.1518790337272664,
        "annualized_volatility": 0.21458010018431448,
        "max_drawdown": -0.3464553449053246,
        "sharpe": 0.048298077100140946,
        "sortino": 0.05875875777239032,
        "sharpe_annualized": 0.7667082048575795,
        "sortino_annualized": 0.9327663624769704
      },
      "ic_mean": 0.015159966113284459,
      "ic_tstat": 1.8782908852518583,
      "volatility": 0.2160184611560702,
      "max_drawdown": -0.35106543353535746,
      "daily_metrics_path": "experiments_tuned_all/gat_corr_only/gat_daily_metrics_reb1.csv"
    },
    "5": {
      "stats": {
        "final_value": 1.6748603764814354,
        "cumulative_return": 0.6931382591723698,
        "annualized_return": 0.11143520394168793,
        "annualized_volatility": 0.21399348122701484,
        "max_drawdown": -0.34628929041671697,
        "sharpe": 0.03721936994039146,
        "sortino": 0.04570369060112712,
        "sharpe_annualized": 0.5908391809007324,
        "sortino_annualized": 0.725523595970535,
        "avg_turnover": 0.13949044585987264
      },
      "buy_and_hold_stats": {
        "final_value": 5.049288556044275,
        "cumulative_return": 4.049288556044275,
        "annualized_return": 0.3842240191009789,
        "annualized_volatility": 0.3023422915663287,
        "max_drawdown": -0.3471179958366627,
        "sharpe": 0.07731121211800307,
        "sortino": 0.10941253737924157,
        "sharpe_annualized": 1.2272774449271957,
        "sortino_annualized": 1.7368701853081916
      },
      "equal_weight_stats": {
        "final_value": 2.0221621477103713,
        "cumulative_return": 1.0221621477103713,
        "annualized_return": 0.1518790337272664,
        "annualized_volatility": 0.21458010018431448,
        "max_drawdown": -0.3464553449053246,
        "sharpe": 0.048298077100140946,
        "sortino": 0.05875875777239032,
        "sharpe_annualized": 0.7667082048575795,
        "sortino_annualized": 0.9327663624769704
      },
      "ic_mean": 0.015159966113284459,
      "ic_tstat": 1.8782908852518583,
      "volatility": 0.21390827577620447,
      "max_drawdown": -0.34628929041671697,
      "daily_metrics_path": "experiments_tuned_all/gat_corr_only/gat_daily_metrics_reb5.csv"
    }
  },
  "prediction_rows": 40192,
  "prediction_unique_pairs": 40192,
  "baseline_context": {
    "global_buy_and_hold": {
      "start_date": "2000-03-29",
      "end_date": "2024-12-30",
      "final_value": 51.17842005745584
    },
    "test_window_buy_and_hold": {
      "start_date": "2020-01-02",
      "end_date": "2024-12-27",
      "final_value": 5.049288556044275,
      "rebased": true
    }
  },
  "graph_directed": false,
  "graph_make_undirected": true
}