{
  "run_tag": "xgb_raw",
  "model_type": "xgb_raw",
  "stats": {
    "final_value": 1.8333786280742694,
    "cumulative_return": 0.8412798041790228,
    "annualized_return": 0.13029764839830316,
    "annualized_volatility": 0.2061335279330182,
    "max_drawdown": -0.3312477892429402,
    "sharpe": 0.04369001304853317,
    "sortino": 0.051807216435351924,
    "avg_turnover": 0.1392515923566879
  },
  "buy_and_hold_stats": {
    "final_value": 5.049288556044275,
    "cumulative_return": 4.049288556044275,
    "annualized_return": 0.3842240191009789,
    "annualized_volatility": 0.3023422915663287,
    "max_drawdown": -0.3471179958366627,
    "sharpe": 0.07731121211800307,
    "sortino": 0.10941253737924157
  },
  "ic_mean": 0.008801086458617024,
  "ic_tstat": 1.1812761654602089,
  "volatility": 0.20605145206755746,
  "max_drawdown": -0.3312477892429402
}