{
  "run_tag": "xgb_raw_rolling_cv_y2021",
  "model_type": "xgb_raw",
  "protocol_version": "v1_rolling_cv_subset",
  "target_policy_hash": "3b53bcae1702",
  "stats": {
    "final_value": 1.29181928634921,
    "cumulative_return": 0.2805585928668386,
    "annualized_return": 0.28182087797603006,
    "annualized_volatility": 0.11782089314964829,
    "max_drawdown": -0.0490385296622563,
    "sharpe": 0.14121192143127587,
    "sortino": 0.21364644957975973,
    "sharpe_annualized": 2.2416727778850802,
    "sortino_annualized": 3.3915322444796656,
    "avg_turnover": 0.14701195219123508
  },
  "buy_and_hold_stats": {
    "final_value": 1.5011860395,
    "cumulative_return": 0.5011860395000001,
    "annualized_return": 0.506072897,
    "annualized_volatility": 0.20151559060000002,
    "max_drawdown": -0.10275581,
    "sharpe": 0.13442817940000001,
    "sortino": 0.2075188023,
    "sharpe_annualized": 2.1339828721,
    "sortino_annualized": 3.2942588592
  },
  "equal_weight_stats": {
    "final_value": 1.3614490431,
    "cumulative_return": 0.36144904310000003,
    "annualized_return": 0.3648137906,
    "annualized_volatility": 0.1252131421,
    "max_drawdown": -0.044296439900000005,
    "sharpe": 0.1605003763,
    "sortino": 0.22659358770000002,
    "sharpe_annualized": 2.5478677158,
    "sortino_annualized": 3.5970616907
  },
  "ic_mean": 0.0009740618015509081,
  "ic_tstat": 0.0544907315603792,
  "volatility": 0.11758595594050791,
  "max_drawdown": -0.0490385296622563,
  "stats_by_rebalance_freq": {
    "1": {
      "stats": {
        "final_value": 1.3067926084990449,
        "cumulative_return": 0.2954013936713711,
        "annualized_return": 0.2967378458291572,
        "annualized_volatility": 0.1195536182594981,
        "max_drawdown": -0.04479262061296296,
        "sharpe": 0.14537691331367314,
        "sortino": 0.21400377973857743,
        "sharpe_annualized": 2.307790018303006,
        "sortino_annualized": 3.397204684896715,
        "avg_turnover": 0.6661354581673308
      },
      "buy_and_hold_stats": {
        "final_value": 1.5011860395,
        "cumulative_return": 0.5011860395000001,
        "annualized_return": 0.506072897,
        "annualized_volatility": 0.20151559060000002,
        "max_drawdown": -0.10275581,
        "sharpe": 0.13442817940000001,
        "sortino": 0.2075188023,
        "sharpe_annualized": 2.1339828721,
        "sortino_annualized": 3.2942588592
      },
      "equal_weight_stats": {
        "final_value": 1.3608279339,
        "cumulative_return": 0.3608279339,
        "annualized_return": 0.3641861664,
        "annualized_volatility": 0.1253008468,
        "max_drawdown": -0.0440641394,
        "sharpe": 0.16016192,
        "sortino": 0.2266136097,
        "sharpe_annualized": 2.5424948795,
        "sortino_annualized": 3.5973795305
      },
      "ic_mean": 0.0009740618015509081,
      "ic_tstat": 0.0544907315603792,
      "volatility": 0.11931522596195503,
      "max_drawdown": -0.04479262061296296,
      "daily_metrics_path": "results/runs/m-xgb-raw__f-xgboost__e-none__cw-na__lb-60__sp-3170f4531422__sd-42__tg-fixed-medium/xgb_raw_daily_metrics_reb1.csv"
    },
    "5": {
      "stats": {
        "final_value": 1.29181928634921,
        "cumulative_return": 0.2805585928668386,
        "annualized_return": 0.28182087797603006,
        "annualized_volatility": 0.11782089314964829,
        "max_drawdown": -0.0490385296622563,
        "sharpe": 0.14121192143127587,
        "sortino": 0.21364644957975973,
        "sharpe_annualized": 2.2416727778850802,
        "sortino_annualized": 3.3915322444796656,
        "avg_turnover": 0.14701195219123508
      },
      "buy_and_hold_stats": {
        "final_value": 1.5011860395,
        "cumulative_return": 0.5011860395000001,
        "annualized_return": 0.506072897,
        "annualized_volatility": 0.20151559060000002,
        "max_drawdown": -0.10275581,
        "sharpe": 0.13442817940000001,
        "sortino": 0.2075188023,
        "sharpe_annualized": 2.1339828721,
        "sortino_annualized": 3.2942588592
      },
      "equal_weight_stats": {
        "final_value": 1.3614490431,
        "cumulative_return": 0.36144904310000003,
        "annualized_return": 0.3648137906,
        "annualized_volatility": 0.1252131421,
        "max_drawdown": -0.044296439900000005,
        "sharpe": 0.1605003763,
        "sortino": 0.22659358770000002,
        "sharpe_annualized": 2.5478677158,
        "sortino_annualized": 3.5970616907
      },
      "ic_mean": 0.0009740618015509081,
      "ic_tstat": 0.0544907315603792,
      "volatility": 0.11758595594050791,
      "max_drawdown": -0.0490385296622563,
      "daily_metrics_path": "results/runs/m-xgb-raw__f-xgboost__e-none__cw-na__lb-60__sp-3170f4531422__sd-42__tg-fixed-medium/xgb_raw_daily_metrics_reb5.csv"
    },
    "21": {
      "stats": {
        "final_value": 1.2724262368962358,
        "cumulative_return": 0.26133459119623326,
        "annualized_return": 0.2625018421343759,
        "annualized_volatility": 0.11606888990537902,
        "max_drawdown": -0.06269220915652152,
        "sharpe": 0.13498598366260106,
        "sortino": 0.19059057525096654,
        "sharpe_annualized": 2.142838990217661,
        "sortino_annualized": 3.0255315860807954,
        "avg_turnover": 0.038645418326693236
      },
      "buy_and_hold_stats": {
        "final_value": 1.5011860395,
        "cumulative_return": 0.5011860395000001,
        "annualized_return": 0.506072897,
        "annualized_volatility": 0.20151559060000002,
        "max_drawdown": -0.10275581,
        "sharpe": 0.13442817940000001,
        "sortino": 0.2075188023,
        "sharpe_annualized": 2.1339828721,
        "sortino_annualized": 3.2942588592
      },
      "equal_weight_stats": {
        "final_value": 1.3646452287,
        "cumulative_return": 0.3646452287,
        "annualized_return": 0.36804353840000004,
        "annualized_volatility": 0.1250223588,
        "max_drawdown": -0.0450062348,
        "sharpe": 0.1619258257,
        "sortino": 0.2269067686,
        "sharpe_annualized": 2.5704960576,
        "sortino_annualized": 3.6020332829
      },
      "ic_mean": 0.0009740618015509081,
      "ic_tstat": 0.0544907315603792,
      "volatility": 0.11583744622562557,
      "max_drawdown": -0.06269220915652152,
      "daily_metrics_path": "results/runs/m-xgb-raw__f-xgboost__e-none__cw-na__lb-60__sp-3170f4531422__sd-42__tg-fixed-medium/xgb_raw_daily_metrics_reb21.csv"
    }
  },
  "prediction_rows": 8032,
  "prediction_unique_pairs": 8032,
  "baseline_context": {
    "global_buy_and_hold": {
      "start_date": "2000-03-29",
      "end_date": "2021-12-31",
      "final_value": 22.57056908209604
    },
    "test_window_buy_and_hold": {
      "start_date": "2021-01-04",
      "end_date": "2021-12-30",
      "final_value": 1.5011860395,
      "rebased": true
    }
  }
}