{
  "run_id": "m-xgb-raw__f-xgboost__e-none__cw-na__lb-60__sp-2108dc994532__sd-42__tg-fixed-medium",
  "run_tag": "xgb_raw_rolling_cv_y2023",
  "artifact_prefix": "xgb_raw",
  "rebalance_freq": 21,
  "stats": {
    "final_value": 1.1713878830296611,
    "cumulative_return": 0.16846194052813157,
    "annualized_return": 0.17065575473468675,
    "annualized_volatility": 0.11523067006738759,
    "max_drawdown": -0.10580218510178785,
    "sharpe": 0.09116220988414853,
    "sharpe_annualized": 1.4471572115657556,
    "sortino_annualized": 2.2890934509225094,
    "avg_turnover": 0.034538152610441776
  },
  "series_paths": {
    "daily_metrics_csv": "results/runs/m-xgb-raw__f-xgboost__e-none__cw-na__lb-60__sp-2108dc994532__sd-42__tg-fixed-medium/xgb_raw_daily_metrics_reb21.csv",
    "equity_curve_csv": "results/runs/m-xgb-raw__f-xgboost__e-none__cw-na__lb-60__sp-2108dc994532__sd-42__tg-fixed-medium/xgb_raw_equity_curve_reb21.csv"
  }
}