{
  "run_tag": "lstm_tuned_all",
  "model_type": "lstm",
  "protocol_version": "v1_thesis_core",
  "target_policy_hash": "92b426b26106",
  "stats": {
    "final_value": 1.5743019095890234,
    "cumulative_return": 0.5900140735985275,
    "annualized_return": 0.09750997100618752,
    "annualized_volatility": 0.21433081289258582,
    "max_drawdown": -0.35233756308434305,
    "sharpe": 0.03353108928473474,
    "sortino": 0.04063149893710383,
    "sharpe_annualized": 0.5322895406190647,
    "sortino_annualized": 0.6450050495001719,
    "avg_turnover": 0.37054140127388535
  },
  "buy_and_hold_stats": {
    "final_value": 5.049288556044275,
    "cumulative_return": 4.049288556044275,
    "annualized_return": 0.3842240191009789,
    "annualized_volatility": 0.3023422915663287,
    "max_drawdown": -0.3471179958366627,
    "sharpe": 0.07731121211800307,
    "sortino": 0.10941253737924157,
    "sharpe_annualized": 1.2272774449271957,
    "sortino_annualized": 1.7368701853081916
  },
  "equal_weight_stats": {
    "final_value": 2.0221621477103713,
    "cumulative_return": 1.0221621477103713,
    "annualized_return": 0.1518790337272664,
    "annualized_volatility": 0.21458010018431448,
    "max_drawdown": -0.3464553449053246,
    "sharpe": 0.048298077100140946,
    "sortino": 0.05875875777239032,
    "sharpe_annualized": 0.7667082048575795,
    "sortino_annualized": 0.9327663624769704
  },
  "ic_mean": -0.0010170822514777003,
  "ic_tstat": -0.14177396828726144,
  "volatility": 0.21424547312695202,
  "max_drawdown": -0.35233756308434305,
  "stats_by_rebalance_freq": {
    "1": {
      "stats": {
        "final_value": 1.5743019095890234,
        "cumulative_return": 0.5900140735985275,
        "annualized_return": 0.09750997100618752,
        "annualized_volatility": 0.21433081289258582,
        "max_drawdown": -0.35233756308434305,
        "sharpe": 0.03353108928473474,
        "sortino": 0.04063149893710383,
        "sharpe_annualized": 0.5322895406190647,
        "sortino_annualized": 0.6450050495001719,
        "avg_turnover": 0.37054140127388535
      },
      "buy_and_hold_stats": {
        "final_value": 5.049288556044275,
        "cumulative_return": 4.049288556044275,
        "annualized_return": 0.3842240191009789,
        "annualized_volatility": 0.3023422915663287,
        "max_drawdown": -0.3471179958366627,
        "sharpe": 0.07731121211800307,
        "sortino": 0.10941253737924157,
        "sharpe_annualized": 1.2272774449271957,
        "sortino_annualized": 1.7368701853081916
      },
      "equal_weight_stats": {
        "final_value": 2.0221621477103713,
        "cumulative_return": 1.0221621477103713,
        "annualized_return": 0.1518790337272664,
        "annualized_volatility": 0.21458010018431448,
        "max_drawdown": -0.3464553449053246,
        "sharpe": 0.048298077100140946,
        "sortino": 0.05875875777239032,
        "sharpe_annualized": 0.7667082048575795,
        "sortino_annualized": 0.9327663624769704
      },
      "ic_mean": -0.0010170822514777003,
      "ic_tstat": -0.14177396828726144,
      "volatility": 0.21424547312695202,
      "max_drawdown": -0.35233756308434305,
      "daily_metrics_path": "experiments_tuned_all/lstm/lstm_daily_metrics_reb1.csv"
    },
    "5": {
      "stats": {
        "final_value": 1.9007722009428718,
        "cumulative_return": 0.9197426693034907,
        "annualized_return": 0.13980094613473315,
        "annualized_volatility": 0.21183899066995843,
        "max_drawdown": -0.3473033827280543,
        "sharpe": 0.04499958342673432,
        "sortino": 0.05597059242814022,
        "sharpe_annualized": 0.7143462410918565,
        "sortino_annualized": 0.888505609786883,
        "avg_turnover": 0.1285031847133758
      },
      "buy_and_hold_stats": {
        "final_value": 5.049288556044275,
        "cumulative_return": 4.049288556044275,
        "annualized_return": 0.3842240191009789,
        "annualized_volatility": 0.3023422915663287,
        "max_drawdown": -0.3471179958366627,
        "sharpe": 0.07731121211800307,
        "sortino": 0.10941253737924157,
        "sharpe_annualized": 1.2272774449271957,
        "sortino_annualized": 1.7368701853081916
      },
      "equal_weight_stats": {
        "final_value": 2.0221621477103713,
        "cumulative_return": 1.0221621477103713,
        "annualized_return": 0.1518790337272664,
        "annualized_volatility": 0.21458010018431448,
        "max_drawdown": -0.3464553449053246,
        "sharpe": 0.048298077100140946,
        "sortino": 0.05875875777239032,
        "sharpe_annualized": 0.7667082048575795,
        "sortino_annualized": 0.9327663624769704
      },
      "ic_mean": -0.0010170822514777003,
      "ic_tstat": -0.14177396828726144,
      "volatility": 0.2117546430692944,
      "max_drawdown": -0.3473033827280543,
      "daily_metrics_path": "experiments_tuned_all/lstm/lstm_daily_metrics_reb5.csv"
    }
  },
  "prediction_rows": 40192,
  "prediction_unique_pairs": 40192,
  "baseline_context": {
    "global_buy_and_hold": {
      "start_date": "2000-03-29",
      "end_date": "2024-12-30",
      "final_value": 51.17842005745584
    },
    "test_window_buy_and_hold": {
      "start_date": "2020-01-02",
      "end_date": "2024-12-27",
      "final_value": 5.049288556044275,
      "rebased": true
    }
  }
}