{
  "run_tag": "gat_granger_only",
  "model_type": "gat",
  "protocol_version": "v1_thesis_core",
  "target_policy_hash": "92b426b26106",
  "stats": {
    "final_value": 1.4915439772110464,
    "cumulative_return": 0.5048987761742725,
    "annualized_return": 0.08546173895011,
    "annualized_volatility": 0.2164253699175336,
    "max_drawdown": -0.3219846402167642,
    "sharpe": 0.0301570248076143,
    "sortino": 0.03800045233847613,
    "avg_turnover": 0.5644904458598726
  },
  "buy_and_hold_stats": {
    "final_value": 5.049288556044275,
    "cumulative_return": 4.049288556044275,
    "annualized_return": 0.3842240191009789,
    "annualized_volatility": 0.3023422915663287,
    "max_drawdown": -0.3471179958366627,
    "sharpe": 0.07731121211800307,
    "sortino": 0.10941253737924157
  },
  "equal_weight_stats": {
    "final_value": 2.0221621477103713,
    "cumulative_return": 1.0221621477103713,
    "annualized_return": 0.1518790337272664,
    "annualized_volatility": 0.21458010018431448,
    "max_drawdown": -0.3464553449053246,
    "sharpe": 0.048298077100140946,
    "sortino": 0.05875875777239032
  },
  "ic_mean": -0.000637613549344358,
  "ic_tstat": -0.09458179023710335,
  "volatility": 0.21633919616539457,
  "max_drawdown": -0.3219846402167642,
  "stats_by_rebalance_freq": {
    "1": {
      "stats": {
        "final_value": 1.4915439772110464,
        "cumulative_return": 0.5048987761742725,
        "annualized_return": 0.08546173895011,
        "annualized_volatility": 0.2164253699175336,
        "max_drawdown": -0.3219846402167642,
        "sharpe": 0.0301570248076143,
        "sortino": 0.03800045233847613,
        "avg_turnover": 0.5644904458598726
      },
      "buy_and_hold_stats": {
        "final_value": 5.049288556044275,
        "cumulative_return": 4.049288556044275,
        "annualized_return": 0.3842240191009789,
        "annualized_volatility": 0.3023422915663287,
        "max_drawdown": -0.3471179958366627,
        "sharpe": 0.07731121211800307,
        "sortino": 0.10941253737924157
      },
      "equal_weight_stats": {
        "final_value": 2.0221621477103713,
        "cumulative_return": 1.0221621477103713,
        "annualized_return": 0.1518790337272664,
        "annualized_volatility": 0.21458010018431448,
        "max_drawdown": -0.3464553449053246,
        "sharpe": 0.048298077100140946,
        "sortino": 0.05875875777239032
      },
      "ic_mean": -0.000637613549344358,
      "ic_tstat": -0.09458179023710335,
      "volatility": 0.21633919616539457,
      "max_drawdown": -0.3219846402167642,
      "daily_metrics_path": "experiments/gat_granger_only/gat_daily_metrics_reb1.csv"
    },
    "5": {
      "stats": {
        "final_value": 1.9497911966880859,
        "cumulative_return": 0.9672489919994425,
        "annualized_return": 0.14540490306548204,
        "annualized_volatility": 0.21998990798337678,
        "max_drawdown": -0.3486921301715177,
        "sharpe": 0.04531421200725785,
        "sortino": 0.05495857809709962,
        "avg_turnover": 0.14546178343949046
      },
      "buy_and_hold_stats": {
        "final_value": 5.049288556044275,
        "cumulative_return": 4.049288556044275,
        "annualized_return": 0.3842240191009789,
        "annualized_volatility": 0.3023422915663287,
        "max_drawdown": -0.3471179958366627,
        "sharpe": 0.07731121211800307,
        "sortino": 0.10941253737924157
      },
      "equal_weight_stats": {
        "final_value": 2.0221621477103713,
        "cumulative_return": 1.0221621477103713,
        "annualized_return": 0.1518790337272664,
        "annualized_volatility": 0.21458010018431448,
        "max_drawdown": -0.3464553449053246,
        "sharpe": 0.048298077100140946,
        "sortino": 0.05875875777239032
      },
      "ic_mean": -0.000637613549344358,
      "ic_tstat": -0.09458179023710335,
      "volatility": 0.2199023149446731,
      "max_drawdown": -0.3486921301715177,
      "daily_metrics_path": "experiments/gat_granger_only/gat_daily_metrics_reb5.csv"
    }
  },
  "prediction_rows": 40192,
  "prediction_unique_pairs": 40192,
  "graph_directed": true,
  "graph_make_undirected": false
}