{
  "run_tag": "gat_corr_sector_granger_rolling_cv_y2024",
  "model_type": "gat",
  "protocol_version": "v1_rolling_cv_subset",
  "target_policy_hash": "7ca238b83d6a",
  "stats": {
    "final_value": 1.2335812040390102,
    "cumulative_return": 0.23879540667627763,
    "annualized_return": 0.24091942534934008,
    "annualized_volatility": 0.11156617456512544,
    "max_drawdown": -0.07101079154693235,
    "sharpe": 0.12302605671946082,
    "sortino": 0.1806665097883479,
    "sharpe_annualized": 1.9529808840137097,
    "sortino_annualized": 2.8679919308279107,
    "avg_turnover": 0.15040000000000003
  },
  "buy_and_hold_stats": {
    "final_value": 1.9075730534,
    "cumulative_return": 0.9075730534,
    "annualized_return": 0.9224739788,
    "annualized_volatility": 0.3299374323,
    "max_drawdown": -0.1888950401,
    "sharpe": 0.1352681362,
    "sortino": 0.2100241227,
    "sharpe_annualized": 2.1473161247,
    "sortino_annualized": 3.3340295872
  },
  "equal_weight_stats": {
    "final_value": 1.2563027739000001,
    "cumulative_return": 0.2563027739,
    "annualized_return": 0.25976119410000004,
    "annualized_volatility": 0.1110168333,
    "max_drawdown": -0.060381296200000004,
    "sharpe": 0.1345759991,
    "sortino": 0.1913104555,
    "sharpe_annualized": 2.1363308112,
    "sortino_annualized": 3.0369593315
  },
  "ic_mean": 0.0060146651756406225,
  "ic_tstat": 0.4234764469859882,
  "volatility": 0.11134281863626257,
  "max_drawdown": -0.07101079154693235,
  "stats_by_rebalance_freq": {
    "1": {
      "stats": {
        "final_value": 1.2801469003016481,
        "cumulative_return": 0.2855579306592666,
        "annualized_return": 0.28814391139465734,
        "annualized_volatility": 0.11694541005173609,
        "max_drawdown": -0.05838947542972028,
        "sharpe": 0.13783038662477373,
        "sortino": 0.20074872822060988,
        "sharpe_annualized": 2.187992526742452,
        "sortino_annualized": 3.186787265305367,
        "avg_turnover": 0.6528
      },
      "buy_and_hold_stats": {
        "final_value": 1.9075730534,
        "cumulative_return": 0.9075730534,
        "annualized_return": 0.9224739788,
        "annualized_volatility": 0.3299374323,
        "max_drawdown": -0.1888950401,
        "sharpe": 0.1352681362,
        "sortino": 0.2100241227,
        "sharpe_annualized": 2.1473161247,
        "sortino_annualized": 3.3340295872
      },
      "equal_weight_stats": {
        "final_value": 1.2575086732,
        "cumulative_return": 0.2575086732,
        "annualized_return": 0.260984989,
        "annualized_volatility": 0.1109763239,
        "max_drawdown": -0.059923129900000004,
        "sharpe": 0.13517434050000002,
        "sortino": 0.1917471285,
        "sharpe_annualized": 2.1458292007,
        "sortino_annualized": 3.0438912994
      },
      "ic_mean": 0.0060146651756406225,
      "ic_tstat": 0.4234764469859882,
      "volatility": 0.11671128487185813,
      "max_drawdown": -0.05838947542972028,
      "daily_metrics_path": "results/runs/m-gat__f-gnn__e-corr-sector-granger__cw-60__lb-250__sp-5f466004c922__sd-42__tg-fixed-medium/gat_daily_metrics_reb1.csv"
    },
    "5": {
      "stats": {
        "final_value": 1.2335812040390102,
        "cumulative_return": 0.23879540667627763,
        "annualized_return": 0.24091942534934008,
        "annualized_volatility": 0.11156617456512544,
        "max_drawdown": -0.07101079154693235,
        "sharpe": 0.12302605671946082,
        "sortino": 0.1806665097883479,
        "sharpe_annualized": 1.9529808840137097,
        "sortino_annualized": 2.8679919308279107,
        "avg_turnover": 0.15040000000000003
      },
      "buy_and_hold_stats": {
        "final_value": 1.9075730534,
        "cumulative_return": 0.9075730534,
        "annualized_return": 0.9224739788,
        "annualized_volatility": 0.3299374323,
        "max_drawdown": -0.1888950401,
        "sharpe": 0.1352681362,
        "sortino": 0.2100241227,
        "sharpe_annualized": 2.1473161247,
        "sortino_annualized": 3.3340295872
      },
      "equal_weight_stats": {
        "final_value": 1.2563027739000001,
        "cumulative_return": 0.2563027739,
        "annualized_return": 0.25976119410000004,
        "annualized_volatility": 0.1110168333,
        "max_drawdown": -0.060381296200000004,
        "sharpe": 0.1345759991,
        "sortino": 0.1913104555,
        "sharpe_annualized": 2.1363308112,
        "sortino_annualized": 3.0369593315
      },
      "ic_mean": 0.0060146651756406225,
      "ic_tstat": 0.4234764469859882,
      "volatility": 0.11134281863626257,
      "max_drawdown": -0.07101079154693235,
      "daily_metrics_path": "results/runs/m-gat__f-gnn__e-corr-sector-granger__cw-60__lb-250__sp-5f466004c922__sd-42__tg-fixed-medium/gat_daily_metrics_reb5.csv"
    },
    "21": {
      "stats": {
        "final_value": 1.2958083468314918,
        "cumulative_return": 0.3012855762812592,
        "annualized_return": 0.3040300426749223,
        "annualized_volatility": 0.11633186599770176,
        "max_drawdown": -0.05720450942618438,
        "sharpe": 0.14516756573270576,
        "sortino": 0.20034739950348276,
        "sharpe_annualized": 2.3044668088118354,
        "sortino_annualized": 3.180416369428325,
        "avg_turnover": 0.03880000000000001
      },
      "buy_and_hold_stats": {
        "final_value": 1.9075730534,
        "cumulative_return": 0.9075730534,
        "annualized_return": 0.9224739788,
        "annualized_volatility": 0.3299374323,
        "max_drawdown": -0.1888950401,
        "sharpe": 0.1352681362,
        "sortino": 0.2100241227,
        "sharpe_annualized": 2.1473161247,
        "sortino_annualized": 3.3340295872
      },
      "equal_weight_stats": {
        "final_value": 1.2595002262,
        "cumulative_return": 0.2595002262,
        "annualized_return": 0.2630061279,
        "annualized_volatility": 0.1105691151,
        "max_drawdown": -0.0594108072,
        "sharpe": 0.1365593532,
        "sortino": 0.1946609618,
        "sharpe_annualized": 2.1678156388,
        "sortino_annualized": 3.0901469701
      },
      "ic_mean": 0.0060146651756406225,
      "ic_tstat": 0.4234764469859882,
      "volatility": 0.11609896913548032,
      "max_drawdown": -0.05720450942618438,
      "daily_metrics_path": "results/runs/m-gat__f-gnn__e-corr-sector-granger__cw-60__lb-250__sp-5f466004c922__sd-42__tg-fixed-medium/gat_daily_metrics_reb21.csv"
    }
  },
  "prediction_rows": 8000,
  "prediction_unique_pairs": 8000,
  "baseline_context": {
    "global_buy_and_hold": {
      "start_date": "2000-03-29",
      "end_date": "2024-12-30",
      "final_value": 51.17842005745584
    },
    "test_window_buy_and_hold": {
      "start_date": "2024-01-02",
      "end_date": "2024-12-27",
      "final_value": 1.9075730534,
      "rebased": true
    }
  },
  "graph_directed": true,
  "graph_make_undirected": false
}