rebalance_freq,edge_type,model_count,prediction_rmse,prediction_mae,prediction_rank_ic,portfolio_annualized_return,portfolio_sharpe,portfolio_max_drawdown,portfolio_turnover
1,sector,2,0.01994712564941,0.013134486142548002,0.0066170857982830004,0.1082566235688845,0.036527642580403,-0.325546405345827,0.540286624203821
1,corr+sector+granger,2,0.020016285256507,0.013187793484837,0.0056836021827725,0.10403264829057551,0.03558033616711351,-0.30359550589843604,0.5432324840764325
1,granger,2,0.019933545085074,0.013115191844752502,0.007952098964146,0.10224079914992501,0.0355076801499665,-0.30729531401070104,0.5790605095541396
1,corr,2,0.019987843538283,0.0131555341261855,-0.0011902235506005003,0.0742796970940975,0.027787392693539005,-0.31526585011732855,0.538734076433121
5,granger,2,0.019933545085074,0.013115191844752502,0.007952098964146,0.14745097535518803,0.0465638401856435,-0.333704483106452,0.145541401273885
5,sector,2,0.01994712564941,0.013134486142548002,0.0066170857982830004,0.132577397453139,0.042951687101957,-0.33492178827275504,0.13781847133757952
5,corr,2,0.019987843538283,0.0131555341261855,-0.0011902235506005003,0.12011027605433701,0.039982163820434506,-0.3404166982317275,0.141679936305732
5,corr+sector+granger,2,0.020016285256507,0.013187793484837,0.0056836021827725,0.118040150853672,0.038780083723154,-0.3339153149831635,0.14187898089171952
