{
  "run_tag": "gcn_corr_sector_granger_tuned_all",
  "model_type": "gcn",
  "protocol_version": "v1_thesis_core",
  "target_policy_hash": "92b426b26106",
  "stats": {
    "final_value": 1.5212192176610173,
    "cumulative_return": 0.5329647072476027,
    "annualized_return": 0.0894934023440992,
    "annualized_volatility": 0.19082607119593553,
    "max_drawdown": -0.2511437884263654,
    "sharpe": 0.03379848462453862,
    "sortino": 0.04291168538298277,
    "sharpe_annualized": 0.5365343100442168,
    "sortino_annualized": 0.6812018871721074,
    "avg_turnover": 0.540127388535032
  },
  "buy_and_hold_stats": {
    "final_value": 5.049288556044275,
    "cumulative_return": 4.049288556044275,
    "annualized_return": 0.3842240191009789,
    "annualized_volatility": 0.3023422915663287,
    "max_drawdown": -0.3471179958366627,
    "sharpe": 0.07731121211800307,
    "sortino": 0.10941253737924157,
    "sharpe_annualized": 1.2272774449271957,
    "sortino_annualized": 1.7368701853081916
  },
  "equal_weight_stats": {
    "final_value": 2.0221621477103713,
    "cumulative_return": 1.0221621477103713,
    "annualized_return": 0.1518790337272664,
    "annualized_volatility": 0.21458010018431448,
    "max_drawdown": -0.3464553449053246,
    "sharpe": 0.048298077100140946,
    "sortino": 0.05875875777239032,
    "sharpe_annualized": 0.7667082048575795,
    "sortino_annualized": 0.9327663624769704
  },
  "ic_mean": 5.6280011228362746e-05,
  "ic_tstat": 0.006498424535225542,
  "volatility": 0.19075009027665987,
  "max_drawdown": -0.2511437884263654,
  "stats_by_rebalance_freq": {
    "1": {
      "stats": {
        "final_value": 1.5212192176610173,
        "cumulative_return": 0.5329647072476027,
        "annualized_return": 0.0894934023440992,
        "annualized_volatility": 0.19082607119593553,
        "max_drawdown": -0.2511437884263654,
        "sharpe": 0.03379848462453862,
        "sortino": 0.04291168538298277,
        "sharpe_annualized": 0.5365343100442168,
        "sortino_annualized": 0.6812018871721074,
        "avg_turnover": 0.540127388535032
      },
      "buy_and_hold_stats": {
        "final_value": 5.049288556044275,
        "cumulative_return": 4.049288556044275,
        "annualized_return": 0.3842240191009789,
        "annualized_volatility": 0.3023422915663287,
        "max_drawdown": -0.3471179958366627,
        "sharpe": 0.07731121211800307,
        "sortino": 0.10941253737924157,
        "sharpe_annualized": 1.2272774449271957,
        "sortino_annualized": 1.7368701853081916
      },
      "equal_weight_stats": {
        "final_value": 2.0221621477103713,
        "cumulative_return": 1.0221621477103713,
        "annualized_return": 0.1518790337272664,
        "annualized_volatility": 0.21458010018431448,
        "max_drawdown": -0.3464553449053246,
        "sharpe": 0.048298077100140946,
        "sortino": 0.05875875777239032,
        "sharpe_annualized": 0.7667082048575795,
        "sortino_annualized": 0.9327663624769704
      },
      "ic_mean": 5.6280011228362746e-05,
      "ic_tstat": 0.006498424535225542,
      "volatility": 0.19075009027665987,
      "max_drawdown": -0.2511437884263654,
      "daily_metrics_path": "experiments_tuned_all/gcn_corr_sector_granger/gcn_daily_metrics_reb1.csv"
    },
    "5": {
      "stats": {
        "final_value": 1.6009515498406652,
        "cumulative_return": 0.6133126609408746,
        "annualized_return": 0.10071785979962455,
        "annualized_volatility": 0.19971255289407253,
        "max_drawdown": -0.3340926292345109,
        "sharpe": 0.03613557344556483,
        "sortino": 0.041738103230748565,
        "sharpe_annualized": 0.5736344449180438,
        "sortino_annualized": 0.6625718480646134,
        "avg_turnover": 0.13447452229299367
      },
      "buy_and_hold_stats": {
        "final_value": 5.049288556044275,
        "cumulative_return": 4.049288556044275,
        "annualized_return": 0.3842240191009789,
        "annualized_volatility": 0.3023422915663287,
        "max_drawdown": -0.3471179958366627,
        "sharpe": 0.07731121211800307,
        "sortino": 0.10941253737924157,
        "sharpe_annualized": 1.2272774449271957,
        "sortino_annualized": 1.7368701853081916
      },
      "equal_weight_stats": {
        "final_value": 2.0221621477103713,
        "cumulative_return": 1.0221621477103713,
        "annualized_return": 0.1518790337272664,
        "annualized_volatility": 0.21458010018431448,
        "max_drawdown": -0.3464553449053246,
        "sharpe": 0.048298077100140946,
        "sortino": 0.05875875777239032,
        "sharpe_annualized": 0.7667082048575795,
        "sortino_annualized": 0.9327663624769704
      },
      "ic_mean": 5.6280011228362746e-05,
      "ic_tstat": 0.006498424535225542,
      "volatility": 0.19963303365823293,
      "max_drawdown": -0.3340926292345109,
      "daily_metrics_path": "experiments_tuned_all/gcn_corr_sector_granger/gcn_daily_metrics_reb5.csv"
    }
  },
  "prediction_rows": 40192,
  "prediction_unique_pairs": 40192,
  "baseline_context": {
    "global_buy_and_hold": {
      "start_date": "2000-03-29",
      "end_date": "2024-12-30",
      "final_value": 51.17842005745584
    },
    "test_window_buy_and_hold": {
      "start_date": "2020-01-02",
      "end_date": "2024-12-27",
      "final_value": 5.049288556044275,
      "rebased": true
    }
  },
  "graph_directed": true,
  "graph_make_undirected": false
}