{
  "run_id": "m-xgb-node2vec__f-xgboost__e-node2vec-correlation__cw-60__lb-60__sp-2041bcaeeadb__sd-42__tg-fixed-medium",
  "run_tag": "xgb_node2vec_corr_rolling_cv_y2022",
  "primary_rebalance_freq": 5,
  "stats_by_rebalance_freq": {
    "1": {
      "final_value": 0.8562528859252992,
      "cumulative_return": -0.1458929733891795,
      "annualized_return": -0.14696982698692596,
      "annualized_volatility": 0.2221537414309735,
      "max_drawdown": -0.23763242919353644,
      "sharpe": -0.03738161593044017,
      "sortino": -0.06117279140133032,
      "sharpe_annualized": -0.5934151801842481,
      "sortino_annualized": -0.9710879583093025,
      "avg_turnover": 0.5788
    },
    "5": {
      "final_value": 0.8916396701578889,
      "cumulative_return": -0.11059487214009056,
      "annualized_return": -0.11142840488705696,
      "annualized_volatility": 0.21447408739157142,
      "max_drawdown": -0.20883907099580123,
      "sharpe": -0.02722434362219693,
      "sortino": -0.04406973981713489,
      "sharpe_annualized": -0.43217337686488794,
      "sortino_annualized": -0.6995854313967602,
      "avg_turnover": 0.1428
    },
    "21": {
      "final_value": 0.8753974516531543,
      "cumulative_return": -0.1267963859459691,
      "annualized_return": -0.12774302952722183,
      "annualized_volatility": 0.2221892234316886,
      "max_drawdown": -0.21186439337305596,
      "sharpe": -0.031058917502500318,
      "sortino": -0.05152124058659807,
      "sharpe_annualized": -0.49304538247535634,
      "sortino_annualized": -0.8178743389779963,
      "avg_turnover": 0.03560000000000001
    }
  }
}