{
  "run_id": "m-gat__f-gnn__e-corr-sector-granger__cw-60__lb-250__sp-2108dc994532__sd-42__tg-fixed-medium",
  "run_tag": "gat_corr_sector_granger_rolling_cv_y2023",
  "artifact_prefix": "gat",
  "rebalance_freq": 21,
  "stats": {
    "final_value": 1.1793431601718298,
    "cumulative_return": 0.17492700496328828,
    "annualized_return": 0.17721121416114527,
    "annualized_volatility": 0.11566597914888166,
    "max_drawdown": -0.09568712718724004,
    "sharpe": 0.09457983414109043,
    "sharpe_annualized": 1.5014103816732058,
    "sortino_annualized": 2.3669708203623663,
    "avg_turnover": 0.037349397590361454
  },
  "series_paths": {
    "daily_metrics_csv": "results/runs/m-gat__f-gnn__e-corr-sector-granger__cw-60__lb-250__sp-2108dc994532__sd-42__tg-fixed-medium/gat_daily_metrics_reb21.csv",
    "equity_curve_csv": "results/runs/m-gat__f-gnn__e-corr-sector-granger__cw-60__lb-250__sp-2108dc994532__sd-42__tg-fixed-medium/gat_equity_curve_reb21.csv"
  }
}