{
  "run_tag": "gcn_corr_only",
  "model_type": "gcn",
  "protocol_version": "v1_thesis_core",
  "target_policy_hash": "92b426b26106",
  "stats": {
    "final_value": 1.5307585031021584,
    "cumulative_return": 0.5455192068166503,
    "annualized_return": 0.09127777610518706,
    "annualized_volatility": 0.20430229178627635,
    "max_drawdown": -0.29541496548940194,
    "sharpe": 0.03276453218389367,
    "sortino": 0.04134793955774803,
    "avg_turnover": 0.534156050955414
  },
  "buy_and_hold_stats": {
    "final_value": 5.049288556044275,
    "cumulative_return": 4.049288556044275,
    "annualized_return": 0.3842240191009789,
    "annualized_volatility": 0.3023422915663287,
    "max_drawdown": -0.3471179958366627,
    "sharpe": 0.07731121211800307,
    "sortino": 0.10941253737924157
  },
  "equal_weight_stats": {
    "final_value": 2.0221621477103713,
    "cumulative_return": 1.0221621477103713,
    "annualized_return": 0.1518790337272664,
    "annualized_volatility": 0.21458010018431448,
    "max_drawdown": -0.3464553449053246,
    "sharpe": 0.048298077100140946,
    "sortino": 0.05875875777239032
  },
  "ic_mean": 0.004237780126530707,
  "ic_tstat": 0.5476512794424551,
  "volatility": 0.2042209450612573,
  "max_drawdown": -0.29541496548940194,
  "stats_by_rebalance_freq": {
    "1": {
      "stats": {
        "final_value": 1.5307585031021584,
        "cumulative_return": 0.5455192068166503,
        "annualized_return": 0.09127777610518706,
        "annualized_volatility": 0.20430229178627635,
        "max_drawdown": -0.29541496548940194,
        "sharpe": 0.03276453218389367,
        "sortino": 0.04134793955774803,
        "avg_turnover": 0.534156050955414
      },
      "buy_and_hold_stats": {
        "final_value": 5.049288556044275,
        "cumulative_return": 4.049288556044275,
        "annualized_return": 0.3842240191009789,
        "annualized_volatility": 0.3023422915663287,
        "max_drawdown": -0.3471179958366627,
        "sharpe": 0.07731121211800307,
        "sortino": 0.10941253737924157
      },
      "equal_weight_stats": {
        "final_value": 2.0221621477103713,
        "cumulative_return": 1.0221621477103713,
        "annualized_return": 0.1518790337272664,
        "annualized_volatility": 0.21458010018431448,
        "max_drawdown": -0.3464553449053246,
        "sharpe": 0.048298077100140946,
        "sortino": 0.05875875777239032
      },
      "ic_mean": 0.004237780126530707,
      "ic_tstat": 0.5476512794424551,
      "volatility": 0.2042209450612573,
      "max_drawdown": -0.29541496548940194,
      "daily_metrics_path": "experiments/gcn_corr_only/gcn_daily_metrics_reb1.csv"
    },
    "5": {
      "stats": {
        "final_value": 1.9210978425497414,
        "cumulative_return": 0.9396224863802083,
        "annualized_return": 0.14215935546994407,
        "annualized_volatility": 0.20654903856424542,
        "max_drawdown": -0.3229362170362562,
        "sharpe": 0.04647724513460748,
        "sortino": 0.05581081481295034,
        "avg_turnover": 0.1438694267515924
      },
      "buy_and_hold_stats": {
        "final_value": 5.049288556044275,
        "cumulative_return": 4.049288556044275,
        "annualized_return": 0.3842240191009789,
        "annualized_volatility": 0.3023422915663287,
        "max_drawdown": -0.3471179958366627,
        "sharpe": 0.07731121211800307,
        "sortino": 0.10941253737924157
      },
      "equal_weight_stats": {
        "final_value": 2.0221621477103713,
        "cumulative_return": 1.0221621477103713,
        "annualized_return": 0.1518790337272664,
        "annualized_volatility": 0.21458010018431448,
        "max_drawdown": -0.3464553449053246,
        "sharpe": 0.048298077100140946,
        "sortino": 0.05875875777239032
      },
      "ic_mean": 0.004237780126530707,
      "ic_tstat": 0.5476512794424551,
      "volatility": 0.20646679725556444,
      "max_drawdown": -0.3229362170362562,
      "daily_metrics_path": "experiments/gcn_corr_only/gcn_daily_metrics_reb5.csv"
    }
  },
  "prediction_rows": 40192,
  "prediction_unique_pairs": 40192,
  "graph_directed": false,
  "graph_make_undirected": true
}