{
  "run_tag": "gcn_corr_only",
  "model_type": "gcn",
  "protocol_version": "v1_thesis_core",
  "target_policy_hash": "92b426b26106",
  "stats": {
    "final_value": 1.6153642785785631,
    "cumulative_return": 0.6229480441952175,
    "annualized_return": 0.10203369998079559,
    "annualized_volatility": 0.1930275020030487,
    "max_drawdown": -0.3048850075099008,
    "sharpe": 0.03751151447963114,
    "sortino": 0.04673232709224052,
    "avg_turnover": 0.5055732484076433
  },
  "buy_and_hold_stats": {
    "final_value": 5.049288556044275,
    "cumulative_return": 4.049288556044275,
    "annualized_return": 0.3842240191009789,
    "annualized_volatility": 0.3023422915663287,
    "max_drawdown": -0.3471179958366627,
    "sharpe": 0.07731121211800307,
    "sortino": 0.10941253737924157
  },
  "equal_weight_stats": {
    "final_value": 2.0221621477103713,
    "cumulative_return": 1.0221621477103713,
    "annualized_return": 0.1518790337272664,
    "annualized_volatility": 0.21458010018431448,
    "max_drawdown": -0.3464553449053246,
    "sharpe": 0.048298077100140946,
    "sortino": 0.05875875777239032
  },
  "ic_mean": 0.006722976655292103,
  "ic_tstat": 0.9658505022412467,
  "volatility": 0.19295064454350058,
  "max_drawdown": -0.3048850075099008,
  "stats_by_rebalance_freq": {
    "1": {
      "stats": {
        "final_value": 1.6153642785785631,
        "cumulative_return": 0.6229480441952175,
        "annualized_return": 0.10203369998079559,
        "annualized_volatility": 0.1930275020030487,
        "max_drawdown": -0.3048850075099008,
        "sharpe": 0.03751151447963114,
        "sortino": 0.04673232709224052,
        "avg_turnover": 0.5055732484076433
      },
      "buy_and_hold_stats": {
        "final_value": 5.049288556044275,
        "cumulative_return": 4.049288556044275,
        "annualized_return": 0.3842240191009789,
        "annualized_volatility": 0.3023422915663287,
        "max_drawdown": -0.3471179958366627,
        "sharpe": 0.07731121211800307,
        "sortino": 0.10941253737924157
      },
      "equal_weight_stats": {
        "final_value": 2.0221621477103713,
        "cumulative_return": 1.0221621477103713,
        "annualized_return": 0.1518790337272664,
        "annualized_volatility": 0.21458010018431448,
        "max_drawdown": -0.3464553449053246,
        "sharpe": 0.048298077100140946,
        "sortino": 0.05875875777239032
      },
      "ic_mean": 0.006722976655292103,
      "ic_tstat": 0.9658505022412467,
      "volatility": 0.19295064454350058,
      "max_drawdown": -0.3048850075099008,
      "daily_metrics_path": "experiments/gcn_corr_only/gcn_daily_metrics_reb1.csv"
    },
    "5": {
      "stats": {
        "final_value": 1.8933799593460294,
        "cumulative_return": 0.9022689449608321,
        "annualized_return": 0.1377118034618583,
        "annualized_volatility": 0.19055000872278613,
        "max_drawdown": -0.2843762016437248,
        "sharpe": 0.04836500875563174,
        "sortino": 0.06218921649654157,
        "avg_turnover": 0.13527070063694271
      },
      "buy_and_hold_stats": {
        "final_value": 5.049288556044275,
        "cumulative_return": 4.049288556044275,
        "annualized_return": 0.3842240191009789,
        "annualized_volatility": 0.3023422915663287,
        "max_drawdown": -0.3471179958366627,
        "sharpe": 0.07731121211800307,
        "sortino": 0.10941253737924157
      },
      "equal_weight_stats": {
        "final_value": 2.0221621477103713,
        "cumulative_return": 1.0221621477103713,
        "annualized_return": 0.1518790337272664,
        "annualized_volatility": 0.21458010018431448,
        "max_drawdown": -0.3464553449053246,
        "sharpe": 0.048298077100140946,
        "sortino": 0.05875875777239032
      },
      "ic_mean": 0.006722976655292103,
      "ic_tstat": 0.9658505022412467,
      "volatility": 0.19047413772287508,
      "max_drawdown": -0.2843762016437248,
      "daily_metrics_path": "experiments/gcn_corr_only/gcn_daily_metrics_reb5.csv"
    }
  },
  "prediction_rows": 40192,
  "prediction_unique_pairs": 40192,
  "graph_directed": false,
  "graph_make_undirected": true
}