{
  "run_tag": "gcn_corr_granger",
  "model_type": "gcn",
  "protocol_version": "v1_thesis_core",
  "target_policy_hash": "92b426b26106",
  "stats": {
    "final_value": 1.5504638270798465,
    "cumulative_return": 0.559346903175929,
    "annualized_return": 0.09322975069516004,
    "annualized_volatility": 0.2062737628060176,
    "max_drawdown": -0.311359961873902,
    "sharpe": 0.03336210694168806,
    "sortino": 0.041994586319038914,
    "avg_turnover": 0.44299363057324836
  },
  "buy_and_hold_stats": {
    "final_value": 5.049288556044275,
    "cumulative_return": 4.049288556044275,
    "annualized_return": 0.3842240191009789,
    "annualized_volatility": 0.3023422915663287,
    "max_drawdown": -0.3471179958366627,
    "sharpe": 0.07731121211800307,
    "sortino": 0.10941253737924157
  },
  "equal_weight_stats": {
    "final_value": 2.0221621477103713,
    "cumulative_return": 1.0221621477103713,
    "annualized_return": 0.1518790337272664,
    "annualized_volatility": 0.21458010018431448,
    "max_drawdown": -0.3464553449053246,
    "sharpe": 0.048298077100140946,
    "sortino": 0.05875875777239032
  },
  "ic_mean": 0.006682212319074542,
  "ic_tstat": 0.9275902937126924,
  "volatility": 0.20619163110345612,
  "max_drawdown": -0.311359961873902,
  "stats_by_rebalance_freq": {
    "1": {
      "stats": {
        "final_value": 1.5504638270798465,
        "cumulative_return": 0.559346903175929,
        "annualized_return": 0.09322975069516004,
        "annualized_volatility": 0.2062737628060176,
        "max_drawdown": -0.311359961873902,
        "sharpe": 0.03336210694168806,
        "sortino": 0.041994586319038914,
        "avg_turnover": 0.44299363057324836
      },
      "buy_and_hold_stats": {
        "final_value": 5.049288556044275,
        "cumulative_return": 4.049288556044275,
        "annualized_return": 0.3842240191009789,
        "annualized_volatility": 0.3023422915663287,
        "max_drawdown": -0.3471179958366627,
        "sharpe": 0.07731121211800307,
        "sortino": 0.10941253737924157
      },
      "equal_weight_stats": {
        "final_value": 2.0221621477103713,
        "cumulative_return": 1.0221621477103713,
        "annualized_return": 0.1518790337272664,
        "annualized_volatility": 0.21458010018431448,
        "max_drawdown": -0.3464553449053246,
        "sharpe": 0.048298077100140946,
        "sortino": 0.05875875777239032
      },
      "ic_mean": 0.006682212319074542,
      "ic_tstat": 0.9275902937126924,
      "volatility": 0.20619163110345612,
      "max_drawdown": -0.311359961873902,
      "daily_metrics_path": "experiments/gcn_corr_granger/gcn_daily_metrics_reb1.csv"
    },
    "5": {
      "stats": {
        "final_value": 1.8908307139053688,
        "cumulative_return": 0.9016638548165412,
        "annualized_return": 0.13763918508339534,
        "annualized_volatility": 0.21277907209959784,
        "max_drawdown": -0.35860571021431376,
        "sharpe": 0.04457697254397208,
        "sortino": 0.05246133057729805,
        "avg_turnover": 0.13248407643312102
      },
      "buy_and_hold_stats": {
        "final_value": 5.049288556044275,
        "cumulative_return": 4.049288556044275,
        "annualized_return": 0.3842240191009789,
        "annualized_volatility": 0.3023422915663287,
        "max_drawdown": -0.3471179958366627,
        "sharpe": 0.07731121211800307,
        "sortino": 0.10941253737924157
      },
      "equal_weight_stats": {
        "final_value": 2.0221621477103713,
        "cumulative_return": 1.0221621477103713,
        "annualized_return": 0.1518790337272664,
        "annualized_volatility": 0.21458010018431448,
        "max_drawdown": -0.3464553449053246,
        "sharpe": 0.048298077100140946,
        "sortino": 0.05875875777239032
      },
      "ic_mean": 0.006682212319074542,
      "ic_tstat": 0.9275902937126924,
      "volatility": 0.2126943501881765,
      "max_drawdown": -0.35860571021431376,
      "daily_metrics_path": "experiments/gcn_corr_granger/gcn_daily_metrics_reb5.csv"
    }
  },
  "prediction_rows": 40192,
  "prediction_unique_pairs": 40192,
  "graph_directed": true,
  "graph_make_undirected": false
}