{
  "run_tag": "xgb_raw_tuned_all",
  "model_type": "xgb_raw",
  "protocol_version": "v1_thesis_core",
  "target_policy_hash": "92b426b26106",
  "stats": {
    "final_value": 1.499533759701447,
    "cumulative_return": 0.5047474024648073,
    "annualized_return": 0.08543983179181636,
    "annualized_volatility": 0.19677633118253274,
    "max_drawdown": -0.29150733539639617,
    "sharpe": 0.03222061037018685,
    "sortino": 0.04096866615214244,
    "sharpe_annualized": 0.5114863327813393,
    "sortino_annualized": 0.6503574131075902,
    "avg_turnover": 0.6022292993630574
  },
  "buy_and_hold_stats": {
    "final_value": 5.049288556044275,
    "cumulative_return": 4.049288556044275,
    "annualized_return": 0.3842240191009789,
    "annualized_volatility": 0.3023422915663287,
    "max_drawdown": -0.3471179958366627,
    "sharpe": 0.07731121211800307,
    "sortino": 0.10941253737924157,
    "sharpe_annualized": 1.2272774449271957,
    "sortino_annualized": 1.7368701853081916
  },
  "equal_weight_stats": {
    "final_value": 2.0221621477103713,
    "cumulative_return": 1.0221621477103713,
    "annualized_return": 0.1518790337272664,
    "annualized_volatility": 0.21458010018431448,
    "max_drawdown": -0.3464553449053246,
    "sharpe": 0.048298077100140946,
    "sortino": 0.05875875777239032,
    "sharpe_annualized": 0.7667082048575795,
    "sortino_annualized": 0.9327663624769704
  },
  "ic_mean": 0.004276161126276445,
  "ic_tstat": 0.6489085030718739,
  "volatility": 0.19669798105751454,
  "max_drawdown": -0.29150733539639617,
  "stats_by_rebalance_freq": {
    "1": {
      "stats": {
        "final_value": 1.499533759701447,
        "cumulative_return": 0.5047474024648073,
        "annualized_return": 0.08543983179181636,
        "annualized_volatility": 0.19677633118253274,
        "max_drawdown": -0.29150733539639617,
        "sharpe": 0.03222061037018685,
        "sortino": 0.04096866615214244,
        "sharpe_annualized": 0.5114863327813393,
        "sortino_annualized": 0.6503574131075902,
        "avg_turnover": 0.6022292993630574
      },
      "buy_and_hold_stats": {
        "final_value": 5.049288556044275,
        "cumulative_return": 4.049288556044275,
        "annualized_return": 0.3842240191009789,
        "annualized_volatility": 0.3023422915663287,
        "max_drawdown": -0.3471179958366627,
        "sharpe": 0.07731121211800307,
        "sortino": 0.10941253737924157,
        "sharpe_annualized": 1.2272774449271957,
        "sortino_annualized": 1.7368701853081916
      },
      "equal_weight_stats": {
        "final_value": 2.0221621477103713,
        "cumulative_return": 1.0221621477103713,
        "annualized_return": 0.1518790337272664,
        "annualized_volatility": 0.21458010018431448,
        "max_drawdown": -0.3464553449053246,
        "sharpe": 0.048298077100140946,
        "sortino": 0.05875875777239032,
        "sharpe_annualized": 0.7667082048575795,
        "sortino_annualized": 0.9327663624769704
      },
      "ic_mean": 0.004276161126276445,
      "ic_tstat": 0.6489085030718739,
      "volatility": 0.19669798105751454,
      "max_drawdown": -0.29150733539639617,
      "daily_metrics_path": "experiments_tuned_all/xgb_raw/xgb_raw_daily_metrics_reb1.csv"
    },
    "5": {
      "stats": {
        "final_value": 1.8725595579086243,
        "cumulative_return": 0.8790701526350779,
        "annualized_return": 0.1349143434842892,
        "annualized_volatility": 0.19665241786812454,
        "max_drawdown": -0.31168445919945975,
        "sharpe": 0.046551242451813,
        "sortino": 0.056154503920633474,
        "sharpe_annualized": 0.7389780644914193,
        "sortino_annualized": 0.8914251142211863,
        "avg_turnover": 0.14020700636942676
      },
      "buy_and_hold_stats": {
        "final_value": 5.049288556044275,
        "cumulative_return": 4.049288556044275,
        "annualized_return": 0.3842240191009789,
        "annualized_volatility": 0.3023422915663287,
        "max_drawdown": -0.3471179958366627,
        "sharpe": 0.07731121211800307,
        "sortino": 0.10941253737924157,
        "sharpe_annualized": 1.2272774449271957,
        "sortino_annualized": 1.7368701853081916
      },
      "equal_weight_stats": {
        "final_value": 2.0221621477103713,
        "cumulative_return": 1.0221621477103713,
        "annualized_return": 0.1518790337272664,
        "annualized_volatility": 0.21458010018431448,
        "max_drawdown": -0.3464553449053246,
        "sharpe": 0.048298077100140946,
        "sortino": 0.05875875777239032,
        "sharpe_annualized": 0.7667082048575795,
        "sortino_annualized": 0.9327663624769704
      },
      "ic_mean": 0.004276161126276445,
      "ic_tstat": 0.6489085030718739,
      "volatility": 0.1965741170814776,
      "max_drawdown": -0.31168445919945975,
      "daily_metrics_path": "experiments_tuned_all/xgb_raw/xgb_raw_daily_metrics_reb5.csv"
    }
  },
  "prediction_rows": 40192,
  "prediction_unique_pairs": 40192,
  "baseline_context": {
    "global_buy_and_hold": {
      "start_date": "2000-03-29",
      "end_date": "2024-12-30",
      "final_value": 51.17842005745584
    },
    "test_window_buy_and_hold": {
      "start_date": "2020-01-02",
      "end_date": "2024-12-27",
      "final_value": 5.049288556044275,
      "rebased": true
    }
  }
}