{
  "run_tag": "gat_corr_only",
  "model_type": "gat",
  "protocol_version": "v1_thesis_core",
  "target_policy_hash": "92b426b26106",
  "stats": {
    "final_value": 1.3133426991735668,
    "cumulative_return": 0.3199863161061154,
    "annualized_return": 0.057281618083008246,
    "annualized_volatility": 0.21472074056219076,
    "max_drawdown": -0.3351167347452564,
    "sharpe": 0.022810253203185485,
    "sortino": 0.02845830877926273,
    "avg_turnover": 0.5433121019108281
  },
  "buy_and_hold_stats": {
    "final_value": 5.049288556044275,
    "cumulative_return": 4.049288556044275,
    "annualized_return": 0.3842240191009789,
    "annualized_volatility": 0.3023422915663287,
    "max_drawdown": -0.3471179958366627,
    "sharpe": 0.07731121211800307,
    "sortino": 0.10941253737924157
  },
  "equal_weight_stats": {
    "final_value": 2.0221621477103713,
    "cumulative_return": 1.0221621477103713,
    "annualized_return": 0.1518790337272664,
    "annualized_volatility": 0.21458010018431448,
    "max_drawdown": -0.3464553449053246,
    "sharpe": 0.048298077100140946,
    "sortino": 0.05875875777239032
  },
  "ic_mean": -0.006618227227731019,
  "ic_tstat": -0.8380932997548597,
  "volatility": 0.2146352455396647,
  "max_drawdown": -0.3351167347452564,
  "stats_by_rebalance_freq": {
    "1": {
      "stats": {
        "final_value": 1.3133426991735668,
        "cumulative_return": 0.3199863161061154,
        "annualized_return": 0.057281618083008246,
        "annualized_volatility": 0.21472074056219076,
        "max_drawdown": -0.3351167347452564,
        "sharpe": 0.022810253203185485,
        "sortino": 0.02845830877926273,
        "avg_turnover": 0.5433121019108281
      },
      "buy_and_hold_stats": {
        "final_value": 5.049288556044275,
        "cumulative_return": 4.049288556044275,
        "annualized_return": 0.3842240191009789,
        "annualized_volatility": 0.3023422915663287,
        "max_drawdown": -0.3471179958366627,
        "sharpe": 0.07731121211800307,
        "sortino": 0.10941253737924157
      },
      "equal_weight_stats": {
        "final_value": 2.0221621477103713,
        "cumulative_return": 1.0221621477103713,
        "annualized_return": 0.1518790337272664,
        "annualized_volatility": 0.21458010018431448,
        "max_drawdown": -0.3464553449053246,
        "sharpe": 0.048298077100140946,
        "sortino": 0.05875875777239032
      },
      "ic_mean": -0.006618227227731019,
      "ic_tstat": -0.8380932997548597,
      "volatility": 0.2146352455396647,
      "max_drawdown": -0.3351167347452564,
      "daily_metrics_path": "experiments/gat_corr_only/gat_daily_metrics_reb1.csv"
    },
    "5": {
      "stats": {
        "final_value": 1.5859755683865573,
        "cumulative_return": 0.5939983138187828,
        "annualized_return": 0.09806119663873059,
        "annualized_volatility": 0.21953826892558412,
        "max_drawdown": -0.35789717942719923,
        "sharpe": 0.03348708250626212,
        "sortino": 0.04054065391772121,
        "avg_turnover": 0.13949044585987264
      },
      "buy_and_hold_stats": {
        "final_value": 5.049288556044275,
        "cumulative_return": 4.049288556044275,
        "annualized_return": 0.3842240191009789,
        "annualized_volatility": 0.3023422915663287,
        "max_drawdown": -0.3471179958366627,
        "sharpe": 0.07731121211800307,
        "sortino": 0.10941253737924157
      },
      "equal_weight_stats": {
        "final_value": 2.0221621477103713,
        "cumulative_return": 1.0221621477103713,
        "annualized_return": 0.1518790337272664,
        "annualized_volatility": 0.21458010018431448,
        "max_drawdown": -0.3464553449053246,
        "sharpe": 0.048298077100140946,
        "sortino": 0.05875875777239032
      },
      "ic_mean": -0.006618227227731019,
      "ic_tstat": -0.8380932997548597,
      "volatility": 0.21945085571529996,
      "max_drawdown": -0.35789717942719923,
      "daily_metrics_path": "experiments/gat_corr_only/gat_daily_metrics_reb5.csv"
    }
  },
  "prediction_rows": 40192,
  "prediction_unique_pairs": 40192,
  "graph_directed": false,
  "graph_make_undirected": true
}