{
  "run_tag": "gcn",
  "model_type": "gcn",
  "protocol_version": "v1_thesis_core",
  "target_policy_hash": "92b426b26106",
  "stats": {
    "final_value": 1.1458162630035464,
    "cumulative_return": 0.1516143555463496,
    "annualized_return": 0.028727768875664417,
    "annualized_volatility": 0.20899620815605433,
    "max_drawdown": -0.3488365738778496,
    "sharpe": 0.014840970933534642,
    "sortino": 0.01808708387427227,
    "avg_turnover": 0.41775477707006375
  },
  "buy_and_hold_stats": {
    "final_value": 5.049288556044275,
    "cumulative_return": 4.049288556044275,
    "annualized_return": 0.3842240191009789,
    "annualized_volatility": 0.3023422915663287,
    "max_drawdown": -0.3471179958366627,
    "sharpe": 0.07731121211800307,
    "sortino": 0.10941253737924157
  },
  "equal_weight_stats": {
    "final_value": 2.0221621477103713,
    "cumulative_return": 1.0221621477103713,
    "annualized_return": 0.1518790337272664,
    "annualized_volatility": 0.21458010018431448,
    "max_drawdown": -0.3464553449053246,
    "sharpe": 0.048298077100140946,
    "sortino": 0.05875875777239032
  },
  "ic_mean": -0.007269163031311382,
  "ic_tstat": -0.8902503703624498,
  "volatility": 0.208912992461672,
  "max_drawdown": -0.3488365738778496,
  "stats_by_rebalance_freq": {
    "1": {
      "stats": {
        "final_value": 1.1458162630035464,
        "cumulative_return": 0.1516143555463496,
        "annualized_return": 0.028727768875664417,
        "annualized_volatility": 0.20899620815605433,
        "max_drawdown": -0.3488365738778496,
        "sharpe": 0.014840970933534642,
        "sortino": 0.01808708387427227,
        "avg_turnover": 0.41775477707006375
      },
      "buy_and_hold_stats": {
        "final_value": 5.049288556044275,
        "cumulative_return": 4.049288556044275,
        "annualized_return": 0.3842240191009789,
        "annualized_volatility": 0.3023422915663287,
        "max_drawdown": -0.3471179958366627,
        "sharpe": 0.07731121211800307,
        "sortino": 0.10941253737924157
      },
      "equal_weight_stats": {
        "final_value": 2.0221621477103713,
        "cumulative_return": 1.0221621477103713,
        "annualized_return": 0.1518790337272664,
        "annualized_volatility": 0.21458010018431448,
        "max_drawdown": -0.3464553449053246,
        "sharpe": 0.048298077100140946,
        "sortino": 0.05875875777239032
      },
      "ic_mean": -0.007269163031311382,
      "ic_tstat": -0.8902503703624498,
      "volatility": 0.208912992461672,
      "max_drawdown": -0.3488365738778496,
      "daily_metrics_path": "experiments/gcn_daily_metrics_reb1.csv"
    },
    "5": {
      "stats": {
        "final_value": 1.5126754778799736,
        "cumulative_return": 0.5203299620160136,
        "annualized_return": 0.08768579030441415,
        "annualized_volatility": 0.20525948972613192,
        "max_drawdown": -0.34396840631622794,
        "sharpe": 0.03198493083203054,
        "sortino": 0.03886022787359752,
        "avg_turnover": 0.12914012738853506
      },
      "buy_and_hold_stats": {
        "final_value": 5.049288556044275,
        "cumulative_return": 4.049288556044275,
        "annualized_return": 0.3842240191009789,
        "annualized_volatility": 0.3023422915663287,
        "max_drawdown": -0.3471179958366627,
        "sharpe": 0.07731121211800307,
        "sortino": 0.10941253737924157
      },
      "equal_weight_stats": {
        "final_value": 2.0221621477103713,
        "cumulative_return": 1.0221621477103713,
        "annualized_return": 0.1518790337272664,
        "annualized_volatility": 0.21458010018431448,
        "max_drawdown": -0.3464553449053246,
        "sharpe": 0.048298077100140946,
        "sortino": 0.05875875777239032
      },
      "ic_mean": -0.007269163031311382,
      "ic_tstat": -0.8902503703624498,
      "volatility": 0.20517776187510142,
      "max_drawdown": -0.34396840631622794,
      "daily_metrics_path": "experiments/gcn_daily_metrics_reb5.csv"
    }
  },
  "prediction_rows": 40192,
  "prediction_unique_pairs": 40192,
  "graph_directed": false,
  "graph_make_undirected": true
}