{
  "run_tag": "lstm_baseline",
  "model_type": "lstm",
  "stats": {
    "final_value": 1.9114080497170647,
    "cumulative_return": 0.9198848366340313,
    "annualized_return": 0.13981788108210447,
    "annualized_volatility": 0.20691653418247527,
    "max_drawdown": -0.35837177773974094,
    "sharpe": 0.04609991990003398,
    "sortino": 0.0565496357585846,
    "avg_turnover": 0.12348726114649683
  },
  "buy_and_hold_stats": {
    "final_value": 1.9703757338813301,
    "sharpe": 0.050720946778393734,
    "sortino": 0.06209499204143214
  },
  "ic_mean": 0.002284211950072895,
  "ic_tstat": 0.29570599169922746,
  "volatility": 0.20683414654863685,
  "max_drawdown": -0.35837177773974094
}