{
  "run_tag": "xgb_node2vec_corr_tuned_all",
  "model_type": "xgb_node2vec",
  "protocol_version": "v1_thesis_core",
  "target_policy_hash": "92b426b26106",
  "stats": {
    "final_value": 1.7477071345368558,
    "cumulative_return": 0.7587939828469497,
    "annualized_return": 0.11995141322101444,
    "annualized_volatility": 0.20000081259429756,
    "max_drawdown": -0.294838724434356,
    "sharpe": 0.04158705293140942,
    "sortino": 0.05206580651533302,
    "sharpe_annualized": 0.660173998899534,
    "sortino_annualized": 0.8265190550974658,
    "avg_turnover": 0.5656847133757962
  },
  "buy_and_hold_stats": {
    "final_value": 5.049288556044275,
    "cumulative_return": 4.049288556044275,
    "annualized_return": 0.3842240191009789,
    "annualized_volatility": 0.3023422915663287,
    "max_drawdown": -0.3471179958366627,
    "sharpe": 0.07731121211800307,
    "sortino": 0.10941253737924157,
    "sharpe_annualized": 1.2272774449271957,
    "sortino_annualized": 1.7368701853081916
  },
  "equal_weight_stats": {
    "final_value": 2.0221621477103713,
    "cumulative_return": 1.0221621477103713,
    "annualized_return": 0.1518790337272664,
    "annualized_volatility": 0.21458010018431448,
    "max_drawdown": -0.3464553449053246,
    "sharpe": 0.048298077100140946,
    "sortino": 0.05875875777239032,
    "sharpe_annualized": 0.7667082048575795,
    "sortino_annualized": 0.9327663624769704
  },
  "ic_mean": 0.01600922249811626,
  "ic_tstat": 2.5260173586191663,
  "volatility": 0.1999211785825425,
  "max_drawdown": -0.294838724434356,
  "stats_by_rebalance_freq": {
    "1": {
      "stats": {
        "final_value": 1.7477071345368558,
        "cumulative_return": 0.7587939828469497,
        "annualized_return": 0.11995141322101444,
        "annualized_volatility": 0.20000081259429756,
        "max_drawdown": -0.294838724434356,
        "sharpe": 0.04158705293140942,
        "sortino": 0.05206580651533302,
        "sharpe_annualized": 0.660173998899534,
        "sortino_annualized": 0.8265190550974658,
        "avg_turnover": 0.5656847133757962
      },
      "buy_and_hold_stats": {
        "final_value": 5.049288556044275,
        "cumulative_return": 4.049288556044275,
        "annualized_return": 0.3842240191009789,
        "annualized_volatility": 0.3023422915663287,
        "max_drawdown": -0.3471179958366627,
        "sharpe": 0.07731121211800307,
        "sortino": 0.10941253737924157,
        "sharpe_annualized": 1.2272774449271957,
        "sortino_annualized": 1.7368701853081916
      },
      "equal_weight_stats": {
        "final_value": 2.0221621477103713,
        "cumulative_return": 1.0221621477103713,
        "annualized_return": 0.1518790337272664,
        "annualized_volatility": 0.21458010018431448,
        "max_drawdown": -0.3464553449053246,
        "sharpe": 0.048298077100140946,
        "sortino": 0.05875875777239032,
        "sharpe_annualized": 0.7667082048575795,
        "sortino_annualized": 0.9327663624769704
      },
      "ic_mean": 0.01600922249811626,
      "ic_tstat": 2.5260173586191663,
      "volatility": 0.1999211785825425,
      "max_drawdown": -0.294838724434356,
      "daily_metrics_path": "experiments_tuned_all/xgb_node2vec_corr/xgb_node2vec_daily_metrics_reb1.csv"
    },
    "5": {
      "stats": {
        "final_value": 2.011157102306581,
        "cumulative_return": 1.023915185901033,
        "annualized_return": 0.15194962775870757,
        "annualized_volatility": 0.1986165889347121,
        "max_drawdown": -0.3284180194711901,
        "sharpe": 0.05076253234780902,
        "sortino": 0.06003312283516315,
        "sharpe_annualized": 0.8058302190730464,
        "sortino_annualized": 0.9529962806906072,
        "avg_turnover": 0.13614649681528662
      },
      "buy_and_hold_stats": {
        "final_value": 5.049288556044275,
        "cumulative_return": 4.049288556044275,
        "annualized_return": 0.3842240191009789,
        "annualized_volatility": 0.3023422915663287,
        "max_drawdown": -0.3471179958366627,
        "sharpe": 0.07731121211800307,
        "sortino": 0.10941253737924157,
        "sharpe_annualized": 1.2272774449271957,
        "sortino_annualized": 1.7368701853081916
      },
      "equal_weight_stats": {
        "final_value": 2.0221621477103713,
        "cumulative_return": 1.0221621477103713,
        "annualized_return": 0.1518790337272664,
        "annualized_volatility": 0.21458010018431448,
        "max_drawdown": -0.3464553449053246,
        "sharpe": 0.048298077100140946,
        "sortino": 0.05875875777239032,
        "sharpe_annualized": 0.7667082048575795,
        "sortino_annualized": 0.9327663624769704
      },
      "ic_mean": 0.01600922249811626,
      "ic_tstat": 2.5260173586191663,
      "volatility": 0.1985375060771336,
      "max_drawdown": -0.3284180194711901,
      "daily_metrics_path": "experiments_tuned_all/xgb_node2vec_corr/xgb_node2vec_daily_metrics_reb5.csv"
    }
  },
  "prediction_rows": 40192,
  "prediction_unique_pairs": 40192,
  "baseline_context": {
    "global_buy_and_hold": {
      "start_date": "2000-03-29",
      "end_date": "2024-12-30",
      "final_value": 51.17842005745584
    },
    "test_window_buy_and_hold": {
      "start_date": "2020-01-02",
      "end_date": "2024-12-27",
      "final_value": 5.049288556044275,
      "rebased": true
    }
  }
}