{
  "run_id": "m-gat__f-gnn__e-corr-sector-granger__cw-60__lb-250__sp-3170f4531422__sd-42__tg-fixed-medium",
  "run_tag": "gat_corr_sector_granger_rolling_cv_y2021",
  "primary_rebalance_freq": 5,
  "stats_by_rebalance_freq": {
    "1": {
      "final_value": 1.3251567569460292,
      "cumulative_return": 0.31183135602150447,
      "annualized_return": 0.3132506998002593,
      "annualized_volatility": 0.1244980632453889,
      "max_drawdown": -0.05668049314477108,
      "sharpe": 0.14700687913873817,
      "sortino": 0.2058085230307734,
      "sharpe_annualized": 2.3336648349081983,
      "sortino_annualized": 3.2671090178216144,
      "avg_turnover": 0.6430278884462151
    },
    "5": {
      "final_value": 1.3376202466027236,
      "cumulative_return": 0.32416951635717806,
      "annualized_return": 0.3256516502975746,
      "annualized_volatility": 0.12291869474269362,
      "max_drawdown": -0.05776140832899135,
      "sharpe": 0.15361932270561182,
      "sortino": 0.21174411725950526,
      "sharpe_annualized": 2.4386342961238845,
      "sortino_annualized": 3.3613336550973028,
      "avg_turnover": 0.150996015936255
    },
    "21": {
      "final_value": 1.2611699893216621,
      "cumulative_return": 0.248488021204607,
      "annualized_return": 0.24959241769828977,
      "annualized_volatility": 0.11708496143385003,
      "max_drawdown": -0.06497594962928299,
      "sharpe": 0.12907557496855246,
      "sortino": 0.17653398254173105,
      "sharpe_annualized": 2.0490140082687462,
      "sortino_annualized": 2.8023900945434312,
      "avg_turnover": 0.03864541832669323
    }
  }
}