{
  "run_id": "m-gat__f-gnn__e-corr-sector-granger__cw-60__lb-250__sp-3170f4531422__sd-42__tg-fixed-medium",
  "run_tag": "gat_corr_sector_granger_rolling_cv_y2021",
  "artifact_prefix": "gat",
  "rebalance_freq": 1,
  "stats": {
    "final_value": 1.3251567569460292,
    "cumulative_return": 0.31183135602150447,
    "annualized_return": 0.3132506998002593,
    "annualized_volatility": 0.1244980632453889,
    "max_drawdown": -0.05668049314477108,
    "sharpe": 0.14700687913873817,
    "sharpe_annualized": 2.3336648349081983,
    "sortino_annualized": 3.2671090178216144,
    "avg_turnover": 0.6430278884462151
  },
  "series_paths": {
    "daily_metrics_csv": "results/runs/m-gat__f-gnn__e-corr-sector-granger__cw-60__lb-250__sp-3170f4531422__sd-42__tg-fixed-medium/gat_daily_metrics_reb1.csv",
    "equity_curve_csv": "results/runs/m-gat__f-gnn__e-corr-sector-granger__cw-60__lb-250__sp-3170f4531422__sd-42__tg-fixed-medium/gat_equity_curve_reb1.csv"
  }
}