{
  "run_tag": "gat_corr_sector_granger_rolling_cv_y2021",
  "model_type": "gat",
  "protocol_version": "v1_rolling_cv_subset",
  "target_policy_hash": "3b53bcae1702",
  "stats": {
    "final_value": 1.3376202466027236,
    "cumulative_return": 0.32416951635717806,
    "annualized_return": 0.3256516502975746,
    "annualized_volatility": 0.12291869474269362,
    "max_drawdown": -0.05776140832899135,
    "sharpe": 0.15361932270561182,
    "sortino": 0.21174411725950526,
    "sharpe_annualized": 2.4386342961238845,
    "sortino_annualized": 3.3613336550973028,
    "avg_turnover": 0.150996015936255
  },
  "buy_and_hold_stats": {
    "final_value": 1.5011860395,
    "cumulative_return": 0.5011860395000001,
    "annualized_return": 0.506072897,
    "annualized_volatility": 0.20151559060000002,
    "max_drawdown": -0.10275581,
    "sharpe": 0.13442817940000001,
    "sortino": 0.2075188023,
    "sharpe_annualized": 2.1339828721,
    "sortino_annualized": 3.2942588592
  },
  "equal_weight_stats": {
    "final_value": 1.3614490431,
    "cumulative_return": 0.36144904310000003,
    "annualized_return": 0.3648137906,
    "annualized_volatility": 0.1252131421,
    "max_drawdown": -0.044296439900000005,
    "sharpe": 0.1605003763,
    "sortino": 0.22659358770000002,
    "sharpe_annualized": 2.5478677158,
    "sortino_annualized": 3.5970616907
  },
  "ic_mean": -0.012511537428000607,
  "ic_tstat": -0.8180468785245973,
  "volatility": 0.12267359241557625,
  "max_drawdown": -0.05776140832899135,
  "stats_by_rebalance_freq": {
    "1": {
      "stats": {
        "final_value": 1.3251567569460292,
        "cumulative_return": 0.31183135602150447,
        "annualized_return": 0.3132506998002593,
        "annualized_volatility": 0.1244980632453889,
        "max_drawdown": -0.05668049314477108,
        "sharpe": 0.14700687913873817,
        "sortino": 0.2058085230307734,
        "sharpe_annualized": 2.3336648349081983,
        "sortino_annualized": 3.2671090178216144,
        "avg_turnover": 0.6430278884462151
      },
      "buy_and_hold_stats": {
        "final_value": 1.5011860395,
        "cumulative_return": 0.5011860395000001,
        "annualized_return": 0.506072897,
        "annualized_volatility": 0.20151559060000002,
        "max_drawdown": -0.10275581,
        "sharpe": 0.13442817940000001,
        "sortino": 0.2075188023,
        "sharpe_annualized": 2.1339828721,
        "sortino_annualized": 3.2942588592
      },
      "equal_weight_stats": {
        "final_value": 1.3608279339,
        "cumulative_return": 0.3608279339,
        "annualized_return": 0.3641861664,
        "annualized_volatility": 0.1253008468,
        "max_drawdown": -0.0440641394,
        "sharpe": 0.16016192,
        "sortino": 0.2266136097,
        "sharpe_annualized": 2.5424948795,
        "sortino_annualized": 3.5973795305
      },
      "ic_mean": -0.012511537428000607,
      "ic_tstat": -0.8180468785245973,
      "volatility": 0.12424981162599993,
      "max_drawdown": -0.05668049314477108,
      "daily_metrics_path": "results/runs/m-gat__f-gnn__e-corr-sector-granger__cw-60__lb-250__sp-3170f4531422__sd-42__tg-fixed-medium/gat_daily_metrics_reb1.csv"
    },
    "5": {
      "stats": {
        "final_value": 1.3376202466027236,
        "cumulative_return": 0.32416951635717806,
        "annualized_return": 0.3256516502975746,
        "annualized_volatility": 0.12291869474269362,
        "max_drawdown": -0.05776140832899135,
        "sharpe": 0.15361932270561182,
        "sortino": 0.21174411725950526,
        "sharpe_annualized": 2.4386342961238845,
        "sortino_annualized": 3.3613336550973028,
        "avg_turnover": 0.150996015936255
      },
      "buy_and_hold_stats": {
        "final_value": 1.5011860395,
        "cumulative_return": 0.5011860395000001,
        "annualized_return": 0.506072897,
        "annualized_volatility": 0.20151559060000002,
        "max_drawdown": -0.10275581,
        "sharpe": 0.13442817940000001,
        "sortino": 0.2075188023,
        "sharpe_annualized": 2.1339828721,
        "sortino_annualized": 3.2942588592
      },
      "equal_weight_stats": {
        "final_value": 1.3614490431,
        "cumulative_return": 0.36144904310000003,
        "annualized_return": 0.3648137906,
        "annualized_volatility": 0.1252131421,
        "max_drawdown": -0.044296439900000005,
        "sharpe": 0.1605003763,
        "sortino": 0.22659358770000002,
        "sharpe_annualized": 2.5478677158,
        "sortino_annualized": 3.5970616907
      },
      "ic_mean": -0.012511537428000607,
      "ic_tstat": -0.8180468785245973,
      "volatility": 0.12267359241557625,
      "max_drawdown": -0.05776140832899135,
      "daily_metrics_path": "results/runs/m-gat__f-gnn__e-corr-sector-granger__cw-60__lb-250__sp-3170f4531422__sd-42__tg-fixed-medium/gat_daily_metrics_reb5.csv"
    },
    "21": {
      "stats": {
        "final_value": 1.2611699893216621,
        "cumulative_return": 0.248488021204607,
        "annualized_return": 0.24959241769828977,
        "annualized_volatility": 0.11708496143385003,
        "max_drawdown": -0.06497594962928299,
        "sharpe": 0.12907557496855246,
        "sortino": 0.17653398254173105,
        "sharpe_annualized": 2.0490140082687462,
        "sortino_annualized": 2.8023900945434312,
        "avg_turnover": 0.03864541832669323
      },
      "buy_and_hold_stats": {
        "final_value": 1.5011860395,
        "cumulative_return": 0.5011860395000001,
        "annualized_return": 0.506072897,
        "annualized_volatility": 0.20151559060000002,
        "max_drawdown": -0.10275581,
        "sharpe": 0.13442817940000001,
        "sortino": 0.2075188023,
        "sharpe_annualized": 2.1339828721,
        "sortino_annualized": 3.2942588592
      },
      "equal_weight_stats": {
        "final_value": 1.3646452287,
        "cumulative_return": 0.3646452287,
        "annualized_return": 0.36804353840000004,
        "annualized_volatility": 0.1250223588,
        "max_drawdown": -0.0450062348,
        "sharpe": 0.1619258257,
        "sortino": 0.2269067686,
        "sharpe_annualized": 2.5704960576,
        "sortino_annualized": 3.6020332829
      },
      "ic_mean": -0.012511537428000607,
      "ic_tstat": -0.8180468785245973,
      "volatility": 0.11685149168721826,
      "max_drawdown": -0.06497594962928299,
      "daily_metrics_path": "results/runs/m-gat__f-gnn__e-corr-sector-granger__cw-60__lb-250__sp-3170f4531422__sd-42__tg-fixed-medium/gat_daily_metrics_reb21.csv"
    }
  },
  "prediction_rows": 8032,
  "prediction_unique_pairs": 8032,
  "baseline_context": {
    "global_buy_and_hold": {
      "start_date": "2000-03-29",
      "end_date": "2021-12-31",
      "final_value": 22.57056908209604
    },
    "test_window_buy_and_hold": {
      "start_date": "2021-01-04",
      "end_date": "2021-12-30",
      "final_value": 1.5011860395,
      "rebased": true
    }
  },
  "graph_directed": true,
  "graph_make_undirected": false
}