{
  "run_id": "m-gat__f-gnn__e-corr-sector-granger__cw-60__lb-250__sp-3170f4531422__sd-42__tg-fixed-medium",
  "run_tag": "gat_corr_sector_granger_rolling_cv_y2021",
  "artifact_prefix": "gat",
  "rebalance_freq": 21,
  "stats": {
    "final_value": 1.2611699893216621,
    "cumulative_return": 0.248488021204607,
    "annualized_return": 0.24959241769828977,
    "annualized_volatility": 0.11708496143385003,
    "max_drawdown": -0.06497594962928299,
    "sharpe": 0.12907557496855246,
    "sharpe_annualized": 2.0490140082687462,
    "sortino_annualized": 2.8023900945434312,
    "avg_turnover": 0.03864541832669323
  },
  "series_paths": {
    "daily_metrics_csv": "results/runs/m-gat__f-gnn__e-corr-sector-granger__cw-60__lb-250__sp-3170f4531422__sd-42__tg-fixed-medium/gat_daily_metrics_reb21.csv",
    "equity_curve_csv": "results/runs/m-gat__f-gnn__e-corr-sector-granger__cw-60__lb-250__sp-3170f4531422__sd-42__tg-fixed-medium/gat_equity_curve_reb21.csv"
  }
}