{"final_value":5.049288556,"cumulative_return":4.049288556,"annualized_return":0.3842240191,"annualized_volatility":0.3023422916,"max_drawdown":-0.3471179958,"sharpe":0.0773112121,"sortino":0.1094125374,"sharpe_annualized":1.2272780893,"sortino_annualized":1.7368701853}