{"final_value":2.0221621477,"cumulative_return":1.0221621477,"annualized_return":0.1518790337,"annualized_volatility":0.2145801002,"max_drawdown":-0.3464553449,"sharpe":0.0482980771,"sortino":0.0587587578,"sharpe_annualized":0.7667087721,"sortino_annualized":0.9327663625}