{"final_value":2.0250395058,"cumulative_return":1.0250395058,"annualized_return":0.1522079572,"annualized_volatility":0.2141496897,"max_drawdown":-0.3465979981,"sharpe":0.0484521784,"sortino":0.0589637241,"sharpe_annualized":0.7691550577,"sortino_annualized":0.9360201027}