{"final_value":2.0271706288,"cumulative_return":1.0271706288,"annualized_return":0.1524513345,"annualized_volatility":0.2129564876,"max_drawdown":-0.3447871509,"sharpe":0.0487138468,"sortino":0.059256584,"sharpe_annualized":0.7733089213,"sortino_annualized":0.9406691085}