{
  "run_tag": "gcn_granger_only",
  "model_type": "gcn",
  "protocol_version": "v1_thesis_core",
  "target_policy_hash": "92b426b26106",
  "stats": {
    "final_value": 1.4847002400478284,
    "cumulative_return": 0.49353058186928545,
    "annualized_return": 0.08381158356729279,
    "annualized_volatility": 0.20784654159335306,
    "max_drawdown": -0.32233761444528963,
    "sharpe": 0.03058569842648959,
    "sortino": 0.03850468810697532,
    "avg_turnover": 0.47834394904458605
  },
  "buy_and_hold_stats": {
    "final_value": 5.049288556044275,
    "cumulative_return": 4.049288556044275,
    "annualized_return": 0.3842240191009789,
    "annualized_volatility": 0.3023422915663287,
    "max_drawdown": -0.3471179958366627,
    "sharpe": 0.07731121211800307,
    "sortino": 0.10941253737924157
  },
  "equal_weight_stats": {
    "final_value": 2.0221621477103713,
    "cumulative_return": 1.0221621477103713,
    "annualized_return": 0.1518790337272664,
    "annualized_volatility": 0.21458010018431448,
    "max_drawdown": -0.3464553449053246,
    "sharpe": 0.048298077100140946,
    "sortino": 0.05875875777239032
  },
  "ic_mean": 0.0016776465496555865,
  "ic_tstat": 0.24381508471148108,
  "volatility": 0.20776378365991371,
  "max_drawdown": -0.32233761444528963,
  "stats_by_rebalance_freq": {
    "1": {
      "stats": {
        "final_value": 1.4847002400478284,
        "cumulative_return": 0.49353058186928545,
        "annualized_return": 0.08381158356729279,
        "annualized_volatility": 0.20784654159335306,
        "max_drawdown": -0.32233761444528963,
        "sharpe": 0.03058569842648959,
        "sortino": 0.03850468810697532,
        "avg_turnover": 0.47834394904458605
      },
      "buy_and_hold_stats": {
        "final_value": 5.049288556044275,
        "cumulative_return": 4.049288556044275,
        "annualized_return": 0.3842240191009789,
        "annualized_volatility": 0.3023422915663287,
        "max_drawdown": -0.3471179958366627,
        "sharpe": 0.07731121211800307,
        "sortino": 0.10941253737924157
      },
      "equal_weight_stats": {
        "final_value": 2.0221621477103713,
        "cumulative_return": 1.0221621477103713,
        "annualized_return": 0.1518790337272664,
        "annualized_volatility": 0.21458010018431448,
        "max_drawdown": -0.3464553449053246,
        "sharpe": 0.048298077100140946,
        "sortino": 0.05875875777239032
      },
      "ic_mean": 0.0016776465496555865,
      "ic_tstat": 0.24381508471148108,
      "volatility": 0.20776378365991371,
      "max_drawdown": -0.32233761444528963,
      "daily_metrics_path": "experiments/gcn_granger_only/gcn_daily_metrics_reb1.csv"
    },
    "5": {
      "stats": {
        "final_value": 1.7656274186125143,
        "cumulative_return": 0.7761285913173717,
        "annualized_return": 0.12215741095225541,
        "annualized_volatility": 0.2068366784082081,
        "max_drawdown": -0.33001959533732006,
        "sharpe": 0.041272591359765215,
        "sortino": 0.05106909569418178,
        "avg_turnover": 0.13614649681528662
      },
      "buy_and_hold_stats": {
        "final_value": 5.049288556044275,
        "cumulative_return": 4.049288556044275,
        "annualized_return": 0.3842240191009789,
        "annualized_volatility": 0.3023422915663287,
        "max_drawdown": -0.3471179958366627,
        "sharpe": 0.07731121211800307,
        "sortino": 0.10941253737924157
      },
      "equal_weight_stats": {
        "final_value": 2.0221621477103713,
        "cumulative_return": 1.0221621477103713,
        "annualized_return": 0.1518790337272664,
        "annualized_volatility": 0.21458010018431448,
        "max_drawdown": -0.3464553449053246,
        "sharpe": 0.048298077100140946,
        "sortino": 0.05875875777239032
      },
      "ic_mean": 0.0016776465496555865,
      "ic_tstat": 0.24381508471148108,
      "volatility": 0.20675432257041884,
      "max_drawdown": -0.33001959533732006,
      "daily_metrics_path": "experiments/gcn_granger_only/gcn_daily_metrics_reb5.csv"
    }
  },
  "prediction_rows": 40192,
  "prediction_unique_pairs": 40192,
  "graph_directed": true,
  "graph_make_undirected": false
}