{"final_value":1.5067031889,"cumulative_return":0.5067031889,"annualized_return":0.5091658914,"annualized_volatility":0.3855811731,"max_drawdown":-0.3113051937,"sharpe":0.079488161,"sortino":0.0922950013,"sharpe_annualized":1.2618359573,"sortino_annualized":1.465137724}