{"final_value":1.1348072344,"cumulative_return":0.1348072344,"annualized_return":0.135379135,"annualized_volatility":0.368033862,"max_drawdown":-0.3465979981,"sharpe":0.0333475089,"sortino":0.0396250888,"sharpe_annualized":0.5293755213,"sortino_annualized":0.6290287845}