{"final_value":1.1369404539,"cumulative_return":0.1369404539,"annualized_return":0.1375219407,"annualized_volatility":0.3690399904,"max_drawdown":-0.3464553449,"sharpe":0.0336413911,"sortino":0.0399420937,"sharpe_annualized":0.5340407577,"sortino_annualized":0.6340610802}