{"final_value":1.1311377262,"cumulative_return":0.1311377262,"annualized_return":0.1316931744,"annualized_volatility":0.3653111395,"max_drawdown":-0.3447871509,"sharpe":0.0328721532,"sortino":0.0389222923,"sharpe_annualized":0.5218294811,"sortino_annualized":0.6178722349}