{
  "run_tag": "gat_granger_only_tuned_all",
  "model_type": "gat",
  "protocol_version": "v1_thesis_core",
  "target_policy_hash": "92b426b26106",
  "stats": {
    "final_value": 1.5188657657728564,
    "cumulative_return": 0.531811222716797,
    "annualized_return": 0.08932887208787132,
    "annualized_volatility": 0.2136898872648667,
    "max_drawdown": -0.32346923687715035,
    "sharpe": 0.03146504077931124,
    "sortino": 0.03981263026207479,
    "sharpe_annualized": 0.4994920373673811,
    "sortino_annualized": 0.632005912276885,
    "avg_turnover": 0.5562101910828025
  },
  "buy_and_hold_stats": {
    "final_value": 5.049288556044275,
    "cumulative_return": 4.049288556044275,
    "annualized_return": 0.3842240191009789,
    "annualized_volatility": 0.3023422915663287,
    "max_drawdown": -0.3471179958366627,
    "sharpe": 0.07731121211800307,
    "sortino": 0.10941253737924157,
    "sharpe_annualized": 1.2272774449271957,
    "sortino_annualized": 1.7368701853081916
  },
  "equal_weight_stats": {
    "final_value": 2.0221621477103713,
    "cumulative_return": 1.0221621477103713,
    "annualized_return": 0.1518790337272664,
    "annualized_volatility": 0.21458010018431448,
    "max_drawdown": -0.3464553449053246,
    "sharpe": 0.048298077100140946,
    "sortino": 0.05875875777239032,
    "sharpe_annualized": 0.7667082048575795,
    "sortino_annualized": 0.9327663624769704
  },
  "ic_mean": -0.007595982104774991,
  "ic_tstat": -1.1217096548310979,
  "volatility": 0.21360480269559098,
  "max_drawdown": -0.32346923687715035,
  "stats_by_rebalance_freq": {
    "1": {
      "stats": {
        "final_value": 1.5188657657728564,
        "cumulative_return": 0.531811222716797,
        "annualized_return": 0.08932887208787132,
        "annualized_volatility": 0.2136898872648667,
        "max_drawdown": -0.32346923687715035,
        "sharpe": 0.03146504077931124,
        "sortino": 0.03981263026207479,
        "sharpe_annualized": 0.4994920373673811,
        "sortino_annualized": 0.632005912276885,
        "avg_turnover": 0.5562101910828025
      },
      "buy_and_hold_stats": {
        "final_value": 5.049288556044275,
        "cumulative_return": 4.049288556044275,
        "annualized_return": 0.3842240191009789,
        "annualized_volatility": 0.3023422915663287,
        "max_drawdown": -0.3471179958366627,
        "sharpe": 0.07731121211800307,
        "sortino": 0.10941253737924157,
        "sharpe_annualized": 1.2272774449271957,
        "sortino_annualized": 1.7368701853081916
      },
      "equal_weight_stats": {
        "final_value": 2.0221621477103713,
        "cumulative_return": 1.0221621477103713,
        "annualized_return": 0.1518790337272664,
        "annualized_volatility": 0.21458010018431448,
        "max_drawdown": -0.3464553449053246,
        "sharpe": 0.048298077100140946,
        "sortino": 0.05875875777239032,
        "sharpe_annualized": 0.7667082048575795,
        "sortino_annualized": 0.9327663624769704
      },
      "ic_mean": -0.007595982104774991,
      "ic_tstat": -1.1217096548310979,
      "volatility": 0.21360480269559098,
      "max_drawdown": -0.32346923687715035,
      "daily_metrics_path": "experiments_tuned_all/gat_granger_only/gat_daily_metrics_reb1.csv"
    },
    "5": {
      "stats": {
        "final_value": 1.8077341319837572,
        "cumulative_return": 0.8231416452077978,
        "annualized_return": 0.12805483149971986,
        "annualized_volatility": 0.21766730124305722,
        "max_drawdown": -0.351999811652319,
        "sharpe": 0.041260794225602866,
        "sortino": 0.05062535745988691,
        "sharpe_annualized": 0.6549948025077305,
        "sortino_annualized": 0.8036526352356561,
        "avg_turnover": 0.1354299363057325
      },
      "buy_and_hold_stats": {
        "final_value": 5.049288556044275,
        "cumulative_return": 4.049288556044275,
        "annualized_return": 0.3842240191009789,
        "annualized_volatility": 0.3023422915663287,
        "max_drawdown": -0.3471179958366627,
        "sharpe": 0.07731121211800307,
        "sortino": 0.10941253737924157,
        "sharpe_annualized": 1.2272774449271957,
        "sortino_annualized": 1.7368701853081916
      },
      "equal_weight_stats": {
        "final_value": 2.0221621477103713,
        "cumulative_return": 1.0221621477103713,
        "annualized_return": 0.1518790337272664,
        "annualized_volatility": 0.21458010018431448,
        "max_drawdown": -0.3464553449053246,
        "sharpe": 0.048298077100140946,
        "sortino": 0.05875875777239032,
        "sharpe_annualized": 0.7667082048575795,
        "sortino_annualized": 0.9327663624769704
      },
      "ic_mean": -0.007595982104774991,
      "ic_tstat": -1.1217096548310979,
      "volatility": 0.21758063299305846,
      "max_drawdown": -0.351999811652319,
      "daily_metrics_path": "experiments_tuned_all/gat_granger_only/gat_daily_metrics_reb5.csv"
    }
  },
  "prediction_rows": 40192,
  "prediction_unique_pairs": 40192,
  "baseline_context": {
    "global_buy_and_hold": {
      "start_date": "2000-03-29",
      "end_date": "2024-12-30",
      "final_value": 51.17842005745584
    },
    "test_window_buy_and_hold": {
      "start_date": "2020-01-02",
      "end_date": "2024-12-27",
      "final_value": 5.049288556044275,
      "rebased": true
    }
  },
  "graph_directed": true,
  "graph_make_undirected": false
}