{
  "run_tag": "gcn_sector_only",
  "model_type": "gcn",
  "protocol_version": "v1_thesis_core",
  "target_policy_hash": "92b426b26106",
  "stats": {
    "final_value": 1.968892251818249,
    "cumulative_return": 0.9847223633705187,
    "annualized_return": 0.1474389033407446,
    "annualized_volatility": 0.21485536288285106,
    "max_drawdown": -0.33324707370197915,
    "sharpe": 0.04662685146052984,
    "sortino": 0.05855942465623826,
    "avg_turnover": 0.5237261146496814
  },
  "buy_and_hold_stats": {
    "final_value": 5.049288556044275,
    "cumulative_return": 4.049288556044275,
    "annualized_return": 0.3842240191009789,
    "annualized_volatility": 0.3023422915663287,
    "max_drawdown": -0.3471179958366627,
    "sharpe": 0.07731121211800307,
    "sortino": 0.10941253737924157
  },
  "equal_weight_stats": {
    "final_value": 2.0221621477103713,
    "cumulative_return": 1.0221621477103713,
    "annualized_return": 0.1518790337272664,
    "annualized_volatility": 0.21458010018431448,
    "max_drawdown": -0.3464553449053246,
    "sharpe": 0.048298077100140946,
    "sortino": 0.05875875777239032
  },
  "ic_mean": 0.01526239416216659,
  "ic_tstat": 2.1690721834279625,
  "volatility": 0.21476981425796543,
  "max_drawdown": -0.33324707370197915,
  "stats_by_rebalance_freq": {
    "1": {
      "stats": {
        "final_value": 1.968892251818249,
        "cumulative_return": 0.9847223633705187,
        "annualized_return": 0.1474389033407446,
        "annualized_volatility": 0.21485536288285106,
        "max_drawdown": -0.33324707370197915,
        "sharpe": 0.04662685146052984,
        "sortino": 0.05855942465623826,
        "avg_turnover": 0.5237261146496814
      },
      "buy_and_hold_stats": {
        "final_value": 5.049288556044275,
        "cumulative_return": 4.049288556044275,
        "annualized_return": 0.3842240191009789,
        "annualized_volatility": 0.3023422915663287,
        "max_drawdown": -0.3471179958366627,
        "sharpe": 0.07731121211800307,
        "sortino": 0.10941253737924157
      },
      "equal_weight_stats": {
        "final_value": 2.0221621477103713,
        "cumulative_return": 1.0221621477103713,
        "annualized_return": 0.1518790337272664,
        "annualized_volatility": 0.21458010018431448,
        "max_drawdown": -0.3464553449053246,
        "sharpe": 0.048298077100140946,
        "sortino": 0.05875875777239032
      },
      "ic_mean": 0.01526239416216659,
      "ic_tstat": 2.1690721834279625,
      "volatility": 0.21476981425796543,
      "max_drawdown": -0.33324707370197915,
      "daily_metrics_path": "experiments/gcn_sector_only/gcn_daily_metrics_reb1.csv"
    },
    "5": {
      "stats": {
        "final_value": 1.934932603417483,
        "cumulative_return": 0.9504896756391525,
        "annualized_return": 0.14344040899413502,
        "annualized_volatility": 0.2194571142075185,
        "max_drawdown": -0.3538503771553805,
        "sharpe": 0.04495720834179331,
        "sortino": 0.054427531559845935,
        "avg_turnover": 0.1332802547770701
      },
      "buy_and_hold_stats": {
        "final_value": 5.049288556044275,
        "cumulative_return": 4.049288556044275,
        "annualized_return": 0.3842240191009789,
        "annualized_volatility": 0.3023422915663287,
        "max_drawdown": -0.3471179958366627,
        "sharpe": 0.07731121211800307,
        "sortino": 0.10941253737924157
      },
      "equal_weight_stats": {
        "final_value": 2.0221621477103713,
        "cumulative_return": 1.0221621477103713,
        "annualized_return": 0.1518790337272664,
        "annualized_volatility": 0.21458010018431448,
        "max_drawdown": -0.3464553449053246,
        "sharpe": 0.048298077100140946,
        "sortino": 0.05875875777239032
      },
      "ic_mean": 0.01526239416216659,
      "ic_tstat": 2.1690721834279625,
      "volatility": 0.21936973331048193,
      "max_drawdown": -0.3538503771553805,
      "daily_metrics_path": "experiments/gcn_sector_only/gcn_daily_metrics_reb5.csv"
    }
  },
  "prediction_rows": 40192,
  "prediction_unique_pairs": 40192,
  "graph_directed": false,
  "graph_make_undirected": true
}