{
  "run_tag": "gcn_sector_only",
  "model_type": "gcn",
  "protocol_version": "v1_thesis_core",
  "target_policy_hash": "92b426b26106",
  "stats": {
    "final_value": 1.4056627570785456,
    "cumulative_return": 0.41544080116423565,
    "annualized_return": 0.07219666348879827,
    "annualized_volatility": 0.2284748766546181,
    "max_drawdown": -0.3626846117760322,
    "sharpe": 0.026050213059784118,
    "sortino": 0.032237201179124604,
    "avg_turnover": 0.4729299363057325
  },
  "buy_and_hold_stats": {
    "final_value": 5.049288556044275,
    "cumulative_return": 4.049288556044275,
    "annualized_return": 0.3842240191009789,
    "annualized_volatility": 0.3023422915663287,
    "max_drawdown": -0.3471179958366627,
    "sharpe": 0.07731121211800307,
    "sortino": 0.10941253737924157
  },
  "equal_weight_stats": {
    "final_value": 2.0221621477103713,
    "cumulative_return": 1.0221621477103713,
    "annualized_return": 0.1518790337272664,
    "annualized_volatility": 0.21458010018431448,
    "max_drawdown": -0.3464553449053246,
    "sharpe": 0.048298077100140946,
    "sortino": 0.05875875777239032
  },
  "ic_mean": -0.007962821581082505,
  "ic_tstat": -1.0293065397841177,
  "volatility": 0.22838390516916643,
  "max_drawdown": -0.3626846117760322,
  "stats_by_rebalance_freq": {
    "1": {
      "stats": {
        "final_value": 1.4056627570785456,
        "cumulative_return": 0.41544080116423565,
        "annualized_return": 0.07219666348879827,
        "annualized_volatility": 0.2284748766546181,
        "max_drawdown": -0.3626846117760322,
        "sharpe": 0.026050213059784118,
        "sortino": 0.032237201179124604,
        "avg_turnover": 0.4729299363057325
      },
      "buy_and_hold_stats": {
        "final_value": 5.049288556044275,
        "cumulative_return": 4.049288556044275,
        "annualized_return": 0.3842240191009789,
        "annualized_volatility": 0.3023422915663287,
        "max_drawdown": -0.3471179958366627,
        "sharpe": 0.07731121211800307,
        "sortino": 0.10941253737924157
      },
      "equal_weight_stats": {
        "final_value": 2.0221621477103713,
        "cumulative_return": 1.0221621477103713,
        "annualized_return": 0.1518790337272664,
        "annualized_volatility": 0.21458010018431448,
        "max_drawdown": -0.3464553449053246,
        "sharpe": 0.048298077100140946,
        "sortino": 0.05875875777239032
      },
      "ic_mean": -0.007962821581082505,
      "ic_tstat": -1.0293065397841177,
      "volatility": 0.22838390516916643,
      "max_drawdown": -0.3626846117760322,
      "daily_metrics_path": "experiments/gcn_sector_only/gcn_daily_metrics_reb1.csv"
    },
    "5": {
      "stats": {
        "final_value": 2.0185851904042664,
        "cumulative_return": 1.032626833666919,
        "annualized_return": 0.1529427587259311,
        "annualized_volatility": 0.22909402325213035,
        "max_drawdown": -0.35697078651244274,
        "sharpe": 0.04598706292217769,
        "sortino": 0.05693171837592552,
        "avg_turnover": 0.1192675159235669
      },
      "buy_and_hold_stats": {
        "final_value": 5.049288556044275,
        "cumulative_return": 4.049288556044275,
        "annualized_return": 0.3842240191009789,
        "annualized_volatility": 0.3023422915663287,
        "max_drawdown": -0.3471179958366627,
        "sharpe": 0.07731121211800307,
        "sortino": 0.10941253737924157
      },
      "equal_weight_stats": {
        "final_value": 2.0221621477103713,
        "cumulative_return": 1.0221621477103713,
        "annualized_return": 0.1518790337272664,
        "annualized_volatility": 0.21458010018431448,
        "max_drawdown": -0.3464553449053246,
        "sharpe": 0.048298077100140946,
        "sortino": 0.05875875777239032
      },
      "ic_mean": -0.007962821581082505,
      "ic_tstat": -1.0293065397841177,
      "volatility": 0.22900280524204317,
      "max_drawdown": -0.35697078651244274,
      "daily_metrics_path": "experiments/gcn_sector_only/gcn_daily_metrics_reb5.csv"
    }
  },
  "prediction_rows": 40192,
  "prediction_unique_pairs": 40192,
  "graph_directed": false,
  "graph_make_undirected": true
}