{"final_value":1.5011860395,"cumulative_return":0.5011860395,"annualized_return":0.506072897,"annualized_volatility":0.2015155906,"max_drawdown":-0.10275581,"sharpe":0.1344281794,"sortino":0.2075188023,"sharpe_annualized":2.1339828721,"sortino_annualized":3.2942588592}