{"final_value":1.3646452287,"cumulative_return":0.3646452287,"annualized_return":0.3680435384,"annualized_volatility":0.1250223588,"max_drawdown":-0.0450062348,"sharpe":0.1619258257,"sortino":0.2269067686,"sharpe_annualized":2.5704960576,"sortino_annualized":3.6020332829}