{"final_value":1.3608279339,"cumulative_return":0.3608279339,"annualized_return":0.3641861664,"annualized_volatility":0.1253008468,"max_drawdown":-0.0440641394,"sharpe":0.16016192,"sortino":0.2266136097,"sharpe_annualized":2.5424948795,"sortino_annualized":3.5973795305}