{"final_value":1.3614490431,"cumulative_return":0.3614490431,"annualized_return":0.3648137906,"annualized_volatility":0.1252131421,"max_drawdown":-0.0442964399,"sharpe":0.1605003763,"sortino":0.2265935877,"sharpe_annualized":2.5478677158,"sortino_annualized":3.5970616907}