{
  "run_tag": "gat_corr_sector_granger_rolling_cv_y2020",
  "model_type": "gat",
  "protocol_version": "v1_rolling_cv_subset",
  "target_policy_hash": "c12afaeb7d19",
  "stats": {
    "final_value": 1.207121103911268,
    "cumulative_return": 0.21642013344217226,
    "annualized_return": 0.21642013344217226,
    "annualized_volatility": 0.36290356958541503,
    "max_drawdown": -0.3102412753992366,
    "sharpe": 0.04408260936334245,
    "sortino": 0.05123871816127125,
    "sharpe_annualized": 0.6997900352186185,
    "sortino_annualized": 0.8133894345147148,
    "avg_turnover": 0.1380952380952381
  },
  "buy_and_hold_stats": {
    "final_value": 1.5067031889,
    "cumulative_return": 0.5067031889,
    "annualized_return": 0.5091658914,
    "annualized_volatility": 0.3855811731,
    "max_drawdown": -0.31130519370000004,
    "sharpe": 0.079488161,
    "sortino": 0.0922950013,
    "sharpe_annualized": 1.2618359573,
    "sortino_annualized": 1.465137724
  },
  "equal_weight_stats": {
    "final_value": 1.1348072344,
    "cumulative_return": 0.1348072344,
    "annualized_return": 0.135379135,
    "annualized_volatility": 0.36803386200000004,
    "max_drawdown": -0.3465979981,
    "sharpe": 0.0333475089,
    "sortino": 0.0396250888,
    "sharpe_annualized": 0.5293755213,
    "sortino_annualized": 0.6290287845
  },
  "ic_mean": 0.009231897231014204,
  "ic_tstat": 0.41635627482357074,
  "volatility": 0.36218280706740585,
  "max_drawdown": -0.3102412753992366,
  "stats_by_rebalance_freq": {
    "1": {
      "stats": {
        "final_value": 1.1425543037098607,
        "cumulative_return": 0.15135594438736555,
        "annualized_return": 0.15135594438736555,
        "annualized_volatility": 0.37153107299050075,
        "max_drawdown": -0.3635174864858458,
        "sharpe": 0.034332819184644925,
        "sortino": 0.03772489087556933,
        "sharpe_annualized": 0.545016841092616,
        "sortino_annualized": 0.598864076962837,
        "avg_turnover": 0.6154761904761904
      },
      "buy_and_hold_stats": {
        "final_value": 1.5067031889,
        "cumulative_return": 0.5067031889,
        "annualized_return": 0.5091658914,
        "annualized_volatility": 0.3855811731,
        "max_drawdown": -0.31130519370000004,
        "sharpe": 0.079488161,
        "sortino": 0.0922950013,
        "sharpe_annualized": 1.2618359573,
        "sortino_annualized": 1.465137724
      },
      "equal_weight_stats": {
        "final_value": 1.1369404539,
        "cumulative_return": 0.1369404539,
        "annualized_return": 0.1375219407,
        "annualized_volatility": 0.3690399904,
        "max_drawdown": -0.3464553449,
        "sharpe": 0.0336413911,
        "sortino": 0.0399420937,
        "sharpe_annualized": 0.5340407577,
        "sortino_annualized": 0.6340610802000001
      },
      "ic_mean": 0.009231897231014204,
      "ic_tstat": 0.41635627482357074,
      "volatility": 0.37079317539419654,
      "max_drawdown": -0.3635174864858458,
      "daily_metrics_path": "results/runs/m-gat__f-gnn__e-corr-sector-granger__cw-60__lb-250__sp-da1e51e1afff__sd-42__tg-fixed-medium/gat_daily_metrics_reb1.csv"
    },
    "5": {
      "stats": {
        "final_value": 1.207121103911268,
        "cumulative_return": 0.21642013344217226,
        "annualized_return": 0.21642013344217226,
        "annualized_volatility": 0.36290356958541503,
        "max_drawdown": -0.3102412753992366,
        "sharpe": 0.04408260936334245,
        "sortino": 0.05123871816127125,
        "sharpe_annualized": 0.6997900352186185,
        "sortino_annualized": 0.8133894345147148,
        "avg_turnover": 0.1380952380952381
      },
      "buy_and_hold_stats": {
        "final_value": 1.5067031889,
        "cumulative_return": 0.5067031889,
        "annualized_return": 0.5091658914,
        "annualized_volatility": 0.3855811731,
        "max_drawdown": -0.31130519370000004,
        "sharpe": 0.079488161,
        "sortino": 0.0922950013,
        "sharpe_annualized": 1.2618359573,
        "sortino_annualized": 1.465137724
      },
      "equal_weight_stats": {
        "final_value": 1.1348072344,
        "cumulative_return": 0.1348072344,
        "annualized_return": 0.135379135,
        "annualized_volatility": 0.36803386200000004,
        "max_drawdown": -0.3465979981,
        "sharpe": 0.0333475089,
        "sortino": 0.0396250888,
        "sharpe_annualized": 0.5293755213,
        "sortino_annualized": 0.6290287845
      },
      "ic_mean": 0.009231897231014204,
      "ic_tstat": 0.41635627482357074,
      "volatility": 0.36218280706740585,
      "max_drawdown": -0.3102412753992366,
      "daily_metrics_path": "results/runs/m-gat__f-gnn__e-corr-sector-granger__cw-60__lb-250__sp-da1e51e1afff__sd-42__tg-fixed-medium/gat_daily_metrics_reb5.csv"
    },
    "21": {
      "stats": {
        "final_value": 1.3041397052260386,
        "cumulative_return": 0.31418611531035223,
        "annualized_return": 0.31418611531035223,
        "annualized_volatility": 0.33507447578579286,
        "max_drawdown": -0.3080954249913266,
        "sharpe": 0.06047542074073782,
        "sortino": 0.07282339323283253,
        "sharpe_annualized": 0.9600179970904086,
        "sortino_annualized": 1.1560355287316335,
        "avg_turnover": 0.030952380952380957
      },
      "buy_and_hold_stats": {
        "final_value": 1.5067031889,
        "cumulative_return": 0.5067031889,
        "annualized_return": 0.5091658914,
        "annualized_volatility": 0.3855811731,
        "max_drawdown": -0.31130519370000004,
        "sharpe": 0.079488161,
        "sortino": 0.0922950013,
        "sharpe_annualized": 1.2618359573,
        "sortino_annualized": 1.465137724
      },
      "equal_weight_stats": {
        "final_value": 1.1311377262,
        "cumulative_return": 0.1311377262,
        "annualized_return": 0.1316931744,
        "annualized_volatility": 0.3653111395,
        "max_drawdown": -0.3447871509,
        "sharpe": 0.032872153200000004,
        "sortino": 0.0389222923,
        "sharpe_annualized": 0.5218294811,
        "sortino_annualized": 0.6178722349
      },
      "ic_mean": 0.009231897231014204,
      "ic_tstat": 0.41635627482357074,
      "volatility": 0.33440898461092267,
      "max_drawdown": -0.3080954249913266,
      "daily_metrics_path": "results/runs/m-gat__f-gnn__e-corr-sector-granger__cw-60__lb-250__sp-da1e51e1afff__sd-42__tg-fixed-medium/gat_daily_metrics_reb21.csv"
    }
  },
  "prediction_rows": 8064,
  "prediction_unique_pairs": 8064,
  "baseline_context": {
    "global_buy_and_hold": {
      "start_date": "2000-03-29",
      "end_date": "2020-12-31",
      "final_value": 15.288295192176722
    },
    "test_window_buy_and_hold": {
      "start_date": "2020-01-02",
      "end_date": "2020-12-30",
      "final_value": 1.5067031889,
      "rebased": true
    }
  },
  "graph_directed": true,
  "graph_make_undirected": false
}