{
  "run_tag": "lstm",
  "model_type": "lstm",
  "protocol_version": "v1_thesis_core",
  "target_policy_hash": "92b426b26106",
  "stats": {
    "final_value": 1.8157683926700263,
    "cumulative_return": 0.8238210331083173,
    "annualized_return": 0.12813915989453784,
    "annualized_volatility": 0.2031649612209837,
    "max_drawdown": -0.3158824945478095,
    "sharpe": 0.043509453880443485,
    "sortino": 0.054111998053814614,
    "avg_turnover": 0.23749999999999996
  },
  "buy_and_hold_stats": {
    "final_value": 5.049288556044275,
    "cumulative_return": 4.049288556044275,
    "annualized_return": 0.3842240191009789,
    "annualized_volatility": 0.3023422915663287,
    "max_drawdown": -0.3471179958366627,
    "sharpe": 0.07731121211800307,
    "sortino": 0.10941253737924157
  },
  "equal_weight_stats": {
    "final_value": 2.0221621477103713,
    "cumulative_return": 1.0221621477103713,
    "annualized_return": 0.1518790337272664,
    "annualized_volatility": 0.21458010018431448,
    "max_drawdown": -0.3464553449053246,
    "sharpe": 0.048298077100140946,
    "sortino": 0.05875875777239032
  },
  "ic_mean": 0.002284211950072895,
  "ic_tstat": 0.29570599169922746,
  "volatility": 0.2030840673451028,
  "max_drawdown": -0.3158824945478095,
  "stats_by_rebalance_freq": {
    "1": {
      "stats": {
        "final_value": 1.8157683926700263,
        "cumulative_return": 0.8238210331083173,
        "annualized_return": 0.12813915989453784,
        "annualized_volatility": 0.2031649612209837,
        "max_drawdown": -0.3158824945478095,
        "sharpe": 0.043509453880443485,
        "sortino": 0.054111998053814614,
        "avg_turnover": 0.23749999999999996
      },
      "buy_and_hold_stats": {
        "final_value": 5.049288556044275,
        "cumulative_return": 4.049288556044275,
        "annualized_return": 0.3842240191009789,
        "annualized_volatility": 0.3023422915663287,
        "max_drawdown": -0.3471179958366627,
        "sharpe": 0.07731121211800307,
        "sortino": 0.10941253737924157
      },
      "equal_weight_stats": {
        "final_value": 2.0221621477103713,
        "cumulative_return": 1.0221621477103713,
        "annualized_return": 0.1518790337272664,
        "annualized_volatility": 0.21458010018431448,
        "max_drawdown": -0.3464553449053246,
        "sharpe": 0.048298077100140946,
        "sortino": 0.05875875777239032
      },
      "ic_mean": 0.002284211950072895,
      "ic_tstat": 0.29570599169922746,
      "volatility": 0.2030840673451028,
      "max_drawdown": -0.3158824945478095,
      "daily_metrics_path": "experiments/lstm/lstm_daily_metrics_reb1.csv"
    },
    "5": {
      "stats": {
        "final_value": 1.9114080497170647,
        "cumulative_return": 0.9198848366340313,
        "annualized_return": 0.13981788108210447,
        "annualized_volatility": 0.20691653418247527,
        "max_drawdown": -0.35837177773974094,
        "sharpe": 0.04609991990003398,
        "sortino": 0.0565496357585846,
        "avg_turnover": 0.12348726114649683
      },
      "buy_and_hold_stats": {
        "final_value": 5.049288556044275,
        "cumulative_return": 4.049288556044275,
        "annualized_return": 0.3842240191009789,
        "annualized_volatility": 0.3023422915663287,
        "max_drawdown": -0.3471179958366627,
        "sharpe": 0.07731121211800307,
        "sortino": 0.10941253737924157
      },
      "equal_weight_stats": {
        "final_value": 2.0221621477103713,
        "cumulative_return": 1.0221621477103713,
        "annualized_return": 0.1518790337272664,
        "annualized_volatility": 0.21458010018431448,
        "max_drawdown": -0.3464553449053246,
        "sharpe": 0.048298077100140946,
        "sortino": 0.05875875777239032
      },
      "ic_mean": 0.002284211950072895,
      "ic_tstat": 0.29570599169922746,
      "volatility": 0.20683414654863685,
      "max_drawdown": -0.35837177773974094,
      "daily_metrics_path": "experiments/lstm/lstm_daily_metrics_reb5.csv"
    }
  },
  "prediction_rows": 40192,
  "prediction_unique_pairs": 40192
}