{
  "run_tag": "gat_sector_only",
  "model_type": "gat",
  "protocol_version": "v1_thesis_core",
  "target_policy_hash": "92b426b26106",
  "stats": {
    "final_value": 1.328521546126105,
    "cumulative_return": 0.3354414936877792,
    "annualized_return": 0.059753815995427395,
    "annualized_volatility": 0.2117960568800623,
    "max_drawdown": -0.35334151131644065,
    "sharpe": 0.023645881195680146,
    "sortino": 0.028658098955105227,
    "avg_turnover": 0.4402070063694267
  },
  "buy_and_hold_stats": {
    "final_value": 5.049288556044275,
    "cumulative_return": 4.049288556044275,
    "annualized_return": 0.3842240191009789,
    "annualized_volatility": 0.3023422915663287,
    "max_drawdown": -0.3471179958366627,
    "sharpe": 0.07731121211800307,
    "sortino": 0.10941253737924157
  },
  "equal_weight_stats": {
    "final_value": 2.0221621477103713,
    "cumulative_return": 1.0221621477103713,
    "annualized_return": 0.1518790337272664,
    "annualized_volatility": 0.21458010018431448,
    "max_drawdown": -0.3464553449053246,
    "sharpe": 0.048298077100140946,
    "sortino": 0.05875875777239032
  },
  "ic_mean": -0.008060144869270574,
  "ic_tstat": -1.0260127161270733,
  "volatility": 0.21171172637427846,
  "max_drawdown": -0.35334151131644065,
  "stats_by_rebalance_freq": {
    "1": {
      "stats": {
        "final_value": 1.328521546126105,
        "cumulative_return": 0.3354414936877792,
        "annualized_return": 0.059753815995427395,
        "annualized_volatility": 0.2117960568800623,
        "max_drawdown": -0.35334151131644065,
        "sharpe": 0.023645881195680146,
        "sortino": 0.028658098955105227,
        "avg_turnover": 0.4402070063694267
      },
      "buy_and_hold_stats": {
        "final_value": 5.049288556044275,
        "cumulative_return": 4.049288556044275,
        "annualized_return": 0.3842240191009789,
        "annualized_volatility": 0.3023422915663287,
        "max_drawdown": -0.3471179958366627,
        "sharpe": 0.07731121211800307,
        "sortino": 0.10941253737924157
      },
      "equal_weight_stats": {
        "final_value": 2.0221621477103713,
        "cumulative_return": 1.0221621477103713,
        "annualized_return": 0.1518790337272664,
        "annualized_volatility": 0.21458010018431448,
        "max_drawdown": -0.3464553449053246,
        "sharpe": 0.048298077100140946,
        "sortino": 0.05875875777239032
      },
      "ic_mean": -0.008060144869270574,
      "ic_tstat": -1.0260127161270733,
      "volatility": 0.21171172637427846,
      "max_drawdown": -0.35334151131644065,
      "daily_metrics_path": "experiments/gat_sector_only/gat_daily_metrics_reb1.csv"
    },
    "5": {
      "stats": {
        "final_value": 1.7717822427305057,
        "cumulative_return": 0.781011028101847,
        "annualized_return": 0.12277564123520102,
        "annualized_volatility": 0.20388669877108742,
        "max_drawdown": -0.3377680542360091,
        "sharpe": 0.041885082851700714,
        "sortino": 0.0521676524433343,
        "avg_turnover": 0.13941082802547772
      },
      "buy_and_hold_stats": {
        "final_value": 5.049288556044275,
        "cumulative_return": 4.049288556044275,
        "annualized_return": 0.3842240191009789,
        "annualized_volatility": 0.3023422915663287,
        "max_drawdown": -0.3471179958366627,
        "sharpe": 0.07731121211800307,
        "sortino": 0.10941253737924157
      },
      "equal_weight_stats": {
        "final_value": 2.0221621477103713,
        "cumulative_return": 1.0221621477103713,
        "annualized_return": 0.1518790337272664,
        "annualized_volatility": 0.21458010018431448,
        "max_drawdown": -0.3464553449053246,
        "sharpe": 0.048298077100140946,
        "sortino": 0.05875875777239032
      },
      "ic_mean": -0.008060144869270574,
      "ic_tstat": -1.0260127161270733,
      "volatility": 0.20380551752209136,
      "max_drawdown": -0.3377680542360091,
      "daily_metrics_path": "experiments/gat_sector_only/gat_daily_metrics_reb5.csv"
    }
  },
  "prediction_rows": 40192,
  "prediction_unique_pairs": 40192,
  "graph_directed": false,
  "graph_make_undirected": true
}