{
  "run_tag": "gat",
  "model_type": "gat",
  "protocol_version": "v1_thesis_core",
  "target_policy_hash": "92b426b26106",
  "stats": {
    "final_value": 1.737561727944957,
    "cumulative_return": 0.7549782682517092,
    "annualized_return": 0.11946349402522816,
    "annualized_volatility": 0.20015129597618866,
    "max_drawdown": -0.2888611330986428,
    "sharpe": 0.04123021477353349,
    "sortino": 0.0511265887760955,
    "avg_turnover": 0.5164012738853503
  },
  "buy_and_hold_stats": {
    "final_value": 5.049288556044275,
    "cumulative_return": 4.049288556044275,
    "annualized_return": 0.3842240191009789,
    "annualized_volatility": 0.3023422915663287,
    "max_drawdown": -0.3471179958366627,
    "sharpe": 0.07731121211800307,
    "sortino": 0.10941253737924157
  },
  "equal_weight_stats": {
    "final_value": 2.0221621477103713,
    "cumulative_return": 1.0221621477103713,
    "annualized_return": 0.1518790337272664,
    "annualized_volatility": 0.21458010018431448,
    "max_drawdown": -0.3464553449053246,
    "sharpe": 0.048298077100140946,
    "sortino": 0.05875875777239032
  },
  "ic_mean": 0.012203457842531008,
  "ic_tstat": 1.5826522854515264,
  "volatility": 0.20007160204670005,
  "max_drawdown": -0.2888611330986428,
  "stats_by_rebalance_freq": {
    "1": {
      "stats": {
        "final_value": 1.737561727944957,
        "cumulative_return": 0.7549782682517092,
        "annualized_return": 0.11946349402522816,
        "annualized_volatility": 0.20015129597618866,
        "max_drawdown": -0.2888611330986428,
        "sharpe": 0.04123021477353349,
        "sortino": 0.0511265887760955,
        "avg_turnover": 0.5164012738853503
      },
      "buy_and_hold_stats": {
        "final_value": 5.049288556044275,
        "cumulative_return": 4.049288556044275,
        "annualized_return": 0.3842240191009789,
        "annualized_volatility": 0.3023422915663287,
        "max_drawdown": -0.3471179958366627,
        "sharpe": 0.07731121211800307,
        "sortino": 0.10941253737924157
      },
      "equal_weight_stats": {
        "final_value": 2.0221621477103713,
        "cumulative_return": 1.0221621477103713,
        "annualized_return": 0.1518790337272664,
        "annualized_volatility": 0.21458010018431448,
        "max_drawdown": -0.3464553449053246,
        "sharpe": 0.048298077100140946,
        "sortino": 0.05875875777239032
      },
      "ic_mean": 0.012203457842531008,
      "ic_tstat": 1.5826522854515264,
      "volatility": 0.20007160204670005,
      "max_drawdown": -0.2888611330986428,
      "daily_metrics_path": "experiments/gat_daily_metrics_reb1.csv"
    },
    "5": {
      "stats": {
        "final_value": 2.0180843540300617,
        "cumulative_return": 1.0383127274622739,
        "annualized_return": 0.15358911909810602,
        "annualized_volatility": 0.19869862565639929,
        "max_drawdown": -0.30088320130175505,
        "sharpe": 0.050951453699889585,
        "sortino": 0.06422770649978045,
        "avg_turnover": 0.1388535031847134
      },
      "buy_and_hold_stats": {
        "final_value": 5.049288556044275,
        "cumulative_return": 4.049288556044275,
        "annualized_return": 0.3842240191009789,
        "annualized_volatility": 0.3023422915663287,
        "max_drawdown": -0.3471179958366627,
        "sharpe": 0.07731121211800307,
        "sortino": 0.10941253737924157
      },
      "equal_weight_stats": {
        "final_value": 2.0221621477103713,
        "cumulative_return": 1.0221621477103713,
        "annualized_return": 0.1518790337272664,
        "annualized_volatility": 0.21458010018431448,
        "max_drawdown": -0.3464553449053246,
        "sharpe": 0.048298077100140946,
        "sortino": 0.05875875777239032
      },
      "ic_mean": 0.012203457842531008,
      "ic_tstat": 1.5826522854515264,
      "volatility": 0.19861951013438722,
      "max_drawdown": -0.30088320130175505,
      "daily_metrics_path": "experiments/gat_daily_metrics_reb5.csv"
    }
  },
  "prediction_rows": 40192,
  "prediction_unique_pairs": 40192,
  "graph_directed": false,
  "graph_make_undirected": true
}