{
  "run_tag": "gcn_sector_only_tuned_all",
  "model_type": "gcn",
  "protocol_version": "v1_thesis_core",
  "target_policy_hash": "92b426b26106",
  "stats": {
    "final_value": 1.6847941653072525,
    "cumulative_return": 0.701806088025791,
    "annualized_return": 0.11257447259433095,
    "annualized_volatility": 0.20865292429070129,
    "max_drawdown": -0.31936000946327325,
    "sharpe": 0.03817765921500996,
    "sortino": 0.04690492802031171,
    "sharpe_annualized": 0.6060515515289385,
    "sortino_annualized": 0.7445926488307798,
    "avg_turnover": 0.5769904458598726
  },
  "buy_and_hold_stats": {
    "final_value": 5.049288556044275,
    "cumulative_return": 4.049288556044275,
    "annualized_return": 0.3842240191009789,
    "annualized_volatility": 0.3023422915663287,
    "max_drawdown": -0.3471179958366627,
    "sharpe": 0.07731121211800307,
    "sortino": 0.10941253737924157,
    "sharpe_annualized": 1.2272774449271957,
    "sortino_annualized": 1.7368701853081916
  },
  "equal_weight_stats": {
    "final_value": 2.0221621477103713,
    "cumulative_return": 1.0221621477103713,
    "annualized_return": 0.1518790337272664,
    "annualized_volatility": 0.21458010018431448,
    "max_drawdown": -0.3464553449053246,
    "sharpe": 0.048298077100140946,
    "sortino": 0.05875875777239032,
    "sharpe_annualized": 0.7667082048575795,
    "sortino_annualized": 0.9327663624769704
  },
  "ic_mean": 0.005828628484046666,
  "ic_tstat": 0.8128272703651577,
  "volatility": 0.20856984528112044,
  "max_drawdown": -0.31936000946327325,
  "stats_by_rebalance_freq": {
    "1": {
      "stats": {
        "final_value": 1.6847941653072525,
        "cumulative_return": 0.701806088025791,
        "annualized_return": 0.11257447259433095,
        "annualized_volatility": 0.20865292429070129,
        "max_drawdown": -0.31936000946327325,
        "sharpe": 0.03817765921500996,
        "sortino": 0.04690492802031171,
        "sharpe_annualized": 0.6060515515289385,
        "sortino_annualized": 0.7445926488307798,
        "avg_turnover": 0.5769904458598726
      },
      "buy_and_hold_stats": {
        "final_value": 5.049288556044275,
        "cumulative_return": 4.049288556044275,
        "annualized_return": 0.3842240191009789,
        "annualized_volatility": 0.3023422915663287,
        "max_drawdown": -0.3471179958366627,
        "sharpe": 0.07731121211800307,
        "sortino": 0.10941253737924157,
        "sharpe_annualized": 1.2272774449271957,
        "sortino_annualized": 1.7368701853081916
      },
      "equal_weight_stats": {
        "final_value": 2.0221621477103713,
        "cumulative_return": 1.0221621477103713,
        "annualized_return": 0.1518790337272664,
        "annualized_volatility": 0.21458010018431448,
        "max_drawdown": -0.3464553449053246,
        "sharpe": 0.048298077100140946,
        "sortino": 0.05875875777239032,
        "sharpe_annualized": 0.7667082048575795,
        "sortino_annualized": 0.9327663624769704
      },
      "ic_mean": 0.005828628484046666,
      "ic_tstat": 0.8128272703651577,
      "volatility": 0.20856984528112044,
      "max_drawdown": -0.31936000946327325,
      "daily_metrics_path": "experiments_tuned_all/gcn_sector_only/gcn_daily_metrics_reb1.csv"
    },
    "5": {
      "stats": {
        "final_value": 1.8619824557320799,
        "cumulative_return": 0.8807835070963645,
        "annualized_return": 0.13512189217495685,
        "annualized_volatility": 0.21341019013034102,
        "max_drawdown": -0.3401807945475047,
        "sharpe": 0.04356908639590025,
        "sortino": 0.05196163023327587,
        "sharpe_annualized": 0.691637804723037,
        "sortino_annualized": 0.8248653078884587,
        "avg_turnover": 0.14299363057324843
      },
      "buy_and_hold_stats": {
        "final_value": 5.049288556044275,
        "cumulative_return": 4.049288556044275,
        "annualized_return": 0.3842240191009789,
        "annualized_volatility": 0.3023422915663287,
        "max_drawdown": -0.3471179958366627,
        "sharpe": 0.07731121211800307,
        "sortino": 0.10941253737924157,
        "sharpe_annualized": 1.2272774449271957,
        "sortino_annualized": 1.7368701853081916
      },
      "equal_weight_stats": {
        "final_value": 2.0221621477103713,
        "cumulative_return": 1.0221621477103713,
        "annualized_return": 0.1518790337272664,
        "annualized_volatility": 0.21458010018431448,
        "max_drawdown": -0.3464553449053246,
        "sharpe": 0.048298077100140946,
        "sortino": 0.05875875777239032,
        "sharpe_annualized": 0.7667082048575795,
        "sortino_annualized": 0.9327663624769704
      },
      "ic_mean": 0.005828628484046666,
      "ic_tstat": 0.8128272703651577,
      "volatility": 0.21332521692763726,
      "max_drawdown": -0.3401807945475047,
      "daily_metrics_path": "experiments_tuned_all/gcn_sector_only/gcn_daily_metrics_reb5.csv"
    }
  },
  "prediction_rows": 40192,
  "prediction_unique_pairs": 40192,
  "baseline_context": {
    "global_buy_and_hold": {
      "start_date": "2000-03-29",
      "end_date": "2024-12-30",
      "final_value": 51.17842005745584
    },
    "test_window_buy_and_hold": {
      "start_date": "2020-01-02",
      "end_date": "2024-12-27",
      "final_value": 5.049288556044275,
      "rebased": true
    }
  },
  "graph_directed": false,
  "graph_make_undirected": true
}