{
  "run_tag": "gcn_granger_only_tuned_all",
  "model_type": "gcn",
  "protocol_version": "v1_thesis_core",
  "target_policy_hash": "92b426b26106",
  "stats": {
    "final_value": 1.5643974680128392,
    "cumulative_return": 0.5747715353459455,
    "annualized_return": 0.09539089700938685,
    "annualized_volatility": 0.19708354714963544,
    "max_drawdown": -0.2901849324185528,
    "sharpe": 0.03490684924932461,
    "sortino": 0.04464039297112766,
    "sharpe_annualized": 0.5541290529992077,
    "sortino_annualized": 0.7086442693787972,
    "avg_turnover": 0.4779458598726115
  },
  "buy_and_hold_stats": {
    "final_value": 5.049288556044275,
    "cumulative_return": 4.049288556044275,
    "annualized_return": 0.3842240191009789,
    "annualized_volatility": 0.3023422915663287,
    "max_drawdown": -0.3471179958366627,
    "sharpe": 0.07731121211800307,
    "sortino": 0.10941253737924157,
    "sharpe_annualized": 1.2272774449271957,
    "sortino_annualized": 1.7368701853081916
  },
  "equal_weight_stats": {
    "final_value": 2.0221621477103713,
    "cumulative_return": 1.0221621477103713,
    "annualized_return": 0.1518790337272664,
    "annualized_volatility": 0.21458010018431448,
    "max_drawdown": -0.3464553449053246,
    "sharpe": 0.048298077100140946,
    "sortino": 0.05875875777239032,
    "sharpe_annualized": 0.7667082048575795,
    "sortino_annualized": 0.9327663624769704
  },
  "ic_mean": -0.0016077886358801573,
  "ic_tstat": -0.22202023911518584,
  "volatility": 0.19700507470091452,
  "max_drawdown": -0.2901849324185528,
  "stats_by_rebalance_freq": {
    "1": {
      "stats": {
        "final_value": 1.5643974680128392,
        "cumulative_return": 0.5747715353459455,
        "annualized_return": 0.09539089700938685,
        "annualized_volatility": 0.19708354714963544,
        "max_drawdown": -0.2901849324185528,
        "sharpe": 0.03490684924932461,
        "sortino": 0.04464039297112766,
        "sharpe_annualized": 0.5541290529992077,
        "sortino_annualized": 0.7086442693787972,
        "avg_turnover": 0.4779458598726115
      },
      "buy_and_hold_stats": {
        "final_value": 5.049288556044275,
        "cumulative_return": 4.049288556044275,
        "annualized_return": 0.3842240191009789,
        "annualized_volatility": 0.3023422915663287,
        "max_drawdown": -0.3471179958366627,
        "sharpe": 0.07731121211800307,
        "sortino": 0.10941253737924157,
        "sharpe_annualized": 1.2272774449271957,
        "sortino_annualized": 1.7368701853081916
      },
      "equal_weight_stats": {
        "final_value": 2.0221621477103713,
        "cumulative_return": 1.0221621477103713,
        "annualized_return": 0.1518790337272664,
        "annualized_volatility": 0.21458010018431448,
        "max_drawdown": -0.3464553449053246,
        "sharpe": 0.048298077100140946,
        "sortino": 0.05875875777239032,
        "sharpe_annualized": 0.7667082048575795,
        "sortino_annualized": 0.9327663624769704
      },
      "ic_mean": -0.0016077886358801573,
      "ic_tstat": -0.22202023911518584,
      "volatility": 0.19700507470091452,
      "max_drawdown": -0.2901849324185528,
      "daily_metrics_path": "experiments_tuned_all/gcn_granger_only/gcn_daily_metrics_reb1.csv"
    },
    "5": {
      "stats": {
        "final_value": 1.649135316135523,
        "cumulative_return": 0.6600713098077227,
        "annualized_return": 0.10704571918752848,
        "annualized_volatility": 0.20221127673746242,
        "max_drawdown": -0.3172100700965056,
        "sharpe": 0.03767018038167268,
        "sortino": 0.045180002438239164,
        "sharpe_annualized": 0.5979955747971006,
        "sortino_annualized": 0.717210304109236,
        "avg_turnover": 0.13487261146496815
      },
      "buy_and_hold_stats": {
        "final_value": 5.049288556044275,
        "cumulative_return": 4.049288556044275,
        "annualized_return": 0.3842240191009789,
        "annualized_volatility": 0.3023422915663287,
        "max_drawdown": -0.3471179958366627,
        "sharpe": 0.07731121211800307,
        "sortino": 0.10941253737924157,
        "sharpe_annualized": 1.2272774449271957,
        "sortino_annualized": 1.7368701853081916
      },
      "equal_weight_stats": {
        "final_value": 2.0221621477103713,
        "cumulative_return": 1.0221621477103713,
        "annualized_return": 0.1518790337272664,
        "annualized_volatility": 0.21458010018431448,
        "max_drawdown": -0.3464553449053246,
        "sharpe": 0.048298077100140946,
        "sortino": 0.05875875777239032,
        "sharpe_annualized": 0.7667082048575795,
        "sortino_annualized": 0.9327663624769704
      },
      "ic_mean": -0.0016077886358801573,
      "ic_tstat": -0.22202023911518584,
      "volatility": 0.20213076258864554,
      "max_drawdown": -0.3172100700965056,
      "daily_metrics_path": "experiments_tuned_all/gcn_granger_only/gcn_daily_metrics_reb5.csv"
    }
  },
  "prediction_rows": 40192,
  "prediction_unique_pairs": 40192,
  "baseline_context": {
    "global_buy_and_hold": {
      "start_date": "2000-03-29",
      "end_date": "2024-12-30",
      "final_value": 51.17842005745584
    },
    "test_window_buy_and_hold": {
      "start_date": "2020-01-02",
      "end_date": "2024-12-27",
      "final_value": 5.049288556044275,
      "rebased": true
    }
  },
  "graph_directed": true,
  "graph_make_undirected": false
}