{"final_value":1.7291630661,"cumulative_return":0.7291630661,"annualized_return":0.74450418,"annualized_volatility":0.2184163821,"max_drawdown":-0.1166132504,"sharpe":0.1674575051,"sortino":0.3364767569,"sharpe_annualized":2.6583074135,"sortino_annualized":5.3414029242}