{"final_value":1.1694392634,"cumulative_return":0.1694392634,"annualized_return":0.172395344,"annualized_volatility":0.1266401835,"max_drawdown":-0.1101561767,"sharpe":0.0831120974,"sortino":0.1316274003,"sharpe_annualized":1.3193652979,"sortino_annualized":2.089520202}