{"final_value":1.1700283518,"cumulative_return":0.1700283518,"annualized_return":0.1729954493,"annualized_volatility":0.1268596622,"max_drawdown":-0.1107324452,"sharpe":0.0832363765,"sortino":0.1318273654,"sharpe_annualized":1.3213381673,"sortino_annualized":2.0926945495}