{"final_value":1.1700325025,"cumulative_return":0.1700325025,"annualized_return":0.1729996778,"annualized_volatility":0.1267032432,"max_drawdown":-0.1099656045,"sharpe":0.0833310427,"sortino":0.1317514264,"sharpe_annualized":1.3228409498,"sortino_annualized":2.0914890546}