{
  "run_tag": "gat_sector_only_tuned_all",
  "model_type": "gat",
  "protocol_version": "v1_thesis_core",
  "target_policy_hash": "92b426b26106",
  "stats": {
    "final_value": 1.4726365750914756,
    "cumulative_return": 0.4874585050829907,
    "annualized_return": 0.08292607110542916,
    "annualized_volatility": 0.20852659178968438,
    "max_drawdown": -0.31764210787247127,
    "sharpe": 0.03003074236990988,
    "sortino": 0.03747780971638156,
    "sharpe_annualized": 0.4767232559845921,
    "sortino_annualized": 0.5949417851576746,
    "avg_turnover": 0.5738853503184713
  },
  "buy_and_hold_stats": {
    "final_value": 5.049288556044275,
    "cumulative_return": 4.049288556044275,
    "annualized_return": 0.3842240191009789,
    "annualized_volatility": 0.3023422915663287,
    "max_drawdown": -0.3471179958366627,
    "sharpe": 0.07731121211800307,
    "sortino": 0.10941253737924157,
    "sharpe_annualized": 1.2272774449271957,
    "sortino_annualized": 1.7368701853081916
  },
  "equal_weight_stats": {
    "final_value": 2.0221621477103713,
    "cumulative_return": 1.0221621477103713,
    "annualized_return": 0.1518790337272664,
    "annualized_volatility": 0.21458010018431448,
    "max_drawdown": -0.3464553449053246,
    "sharpe": 0.048298077100140946,
    "sortino": 0.05875875777239032,
    "sharpe_annualized": 0.7667082048575795,
    "sortino_annualized": 0.9327663624769704
  },
  "ic_mean": 0.0034558957652213508,
  "ic_tstat": 0.4629218320003343,
  "volatility": 0.20844356308171857,
  "max_drawdown": -0.31764210787247127,
  "stats_by_rebalance_freq": {
    "1": {
      "stats": {
        "final_value": 1.4726365750914756,
        "cumulative_return": 0.4874585050829907,
        "annualized_return": 0.08292607110542916,
        "annualized_volatility": 0.20852659178968438,
        "max_drawdown": -0.31764210787247127,
        "sharpe": 0.03003074236990988,
        "sortino": 0.03747780971638156,
        "sharpe_annualized": 0.4767232559845921,
        "sortino_annualized": 0.5949417851576746,
        "avg_turnover": 0.5738853503184713
      },
      "buy_and_hold_stats": {
        "final_value": 5.049288556044275,
        "cumulative_return": 4.049288556044275,
        "annualized_return": 0.3842240191009789,
        "annualized_volatility": 0.3023422915663287,
        "max_drawdown": -0.3471179958366627,
        "sharpe": 0.07731121211800307,
        "sortino": 0.10941253737924157,
        "sharpe_annualized": 1.2272774449271957,
        "sortino_annualized": 1.7368701853081916
      },
      "equal_weight_stats": {
        "final_value": 2.0221621477103713,
        "cumulative_return": 1.0221621477103713,
        "annualized_return": 0.1518790337272664,
        "annualized_volatility": 0.21458010018431448,
        "max_drawdown": -0.3464553449053246,
        "sharpe": 0.048298077100140946,
        "sortino": 0.05875875777239032,
        "sharpe_annualized": 0.7667082048575795,
        "sortino_annualized": 0.9327663624769704
      },
      "ic_mean": 0.0034558957652213508,
      "ic_tstat": 0.4629218320003343,
      "volatility": 0.20844356308171857,
      "max_drawdown": -0.31764210787247127,
      "daily_metrics_path": "experiments_tuned_all/gat_sector_only/gat_daily_metrics_reb1.csv"
    },
    "5": {
      "stats": {
        "final_value": 1.8175871356687368,
        "cumulative_return": 0.8358809562447245,
        "annualized_return": 0.1296319238308865,
        "annualized_volatility": 0.2130596107807173,
        "max_drawdown": -0.3184478088497271,
        "sharpe": 0.04218234949974854,
        "sortino": 0.050671957294665226,
        "sharpe_annualized": 0.6696240389564669,
        "sortino_annualized": 0.8043923846794169,
        "avg_turnover": 0.1441082802547771
      },
      "buy_and_hold_stats": {
        "final_value": 5.049288556044275,
        "cumulative_return": 4.049288556044275,
        "annualized_return": 0.3842240191009789,
        "annualized_volatility": 0.3023422915663287,
        "max_drawdown": -0.3471179958366627,
        "sharpe": 0.07731121211800307,
        "sortino": 0.10941253737924157,
        "sharpe_annualized": 1.2272774449271957,
        "sortino_annualized": 1.7368701853081916
      },
      "equal_weight_stats": {
        "final_value": 2.0221621477103713,
        "cumulative_return": 1.0221621477103713,
        "annualized_return": 0.1518790337272664,
        "annualized_volatility": 0.21458010018431448,
        "max_drawdown": -0.3464553449053246,
        "sharpe": 0.048298077100140946,
        "sortino": 0.05875875777239032,
        "sharpe_annualized": 0.7667082048575795,
        "sortino_annualized": 0.9327663624769704
      },
      "ic_mean": 0.0034558957652213508,
      "ic_tstat": 0.4629218320003343,
      "volatility": 0.21297477716764665,
      "max_drawdown": -0.3184478088497271,
      "daily_metrics_path": "experiments_tuned_all/gat_sector_only/gat_daily_metrics_reb5.csv"
    }
  },
  "prediction_rows": 40192,
  "prediction_unique_pairs": 40192,
  "baseline_context": {
    "global_buy_and_hold": {
      "start_date": "2000-03-29",
      "end_date": "2024-12-30",
      "final_value": 51.17842005745584
    },
    "test_window_buy_and_hold": {
      "start_date": "2020-01-02",
      "end_date": "2024-12-27",
      "final_value": 5.049288556044275,
      "rebased": true
    }
  },
  "graph_directed": false,
  "graph_make_undirected": true
}